source_split,scenario_version,configured_scale,seed,episode,frame_index,timestamp_s,class_label,candidate_availability_status,observed_anonymous_target_count,observed_anonymous_resource_count,target_demand_slot_count,teacher_binding_change_count,candidate_teacher_symmetric_difference_count,candidate_exact_teacher,effective_exact_teacher,ood,rejected,rejection_reasons,exclusive_observable_failure_pathway
train,center_failure-20v20-v1,20t20r,20060,center_failure_20v20-s20060-9d117de63ece-r4dcb163981ae,0,0.85,negative,proposal_available_teacher_edge_reachability_unavailable,20,20,20,0,0,True,True,False,False,,negative_not_applicable
train,center_failure-20v20-v1,20t20r,20060,center_failure_20v20-s20060-9d117de63ece-r4dcb163981ae,1,1.0,negative,proposal_available_teacher_edge_reachability_unavailable,20,20,20,0,0,True,True,False,False,,negative_not_applicable
train,center_failure-20v20-v1,20t20r,20060,center_failure_20v20-s20060-9d117de63ece-r4dcb163981ae,2,1.0,negative,proposal_available_teacher_edge_reachability_unavailable,20,20,20,0,0,True,True,False,False,,negative_not_applicable
train,center_failure-20v20-v1,20t20r,20061,center_failure_20v20-s20061-d65b70240b88-r4dcb163981ae,0,0.75,negative,proposal_available_teacher_edge_reachability_unavailable,19,20,19,0,0,True,True,False,False,,negative_not_applicable
train,center_failure-20v20-v1,20t20r,20061,center_failure_20v20-s20061-d65b70240b88-r4dcb163981ae,1,1.0,negative,proposal_available_teacher_edge_reachability_unavailable,19,20,19,0,0,True,True,False,False,,negative_not_applicable
train,center_failure-20v20-v1,20t20r,20061,center_failure_20v20-s20061-d65b70240b88-r4dcb163981ae,2,1.0,negative,proposal_available_teacher_edge_reachability_unavailable,19,20,19,0,0,True,True,False,False,,negative_not_applicable
test,center_failure-20v20-v1,20t20r,20062,center_failure_20v20-s20062-f9fb74943e68-r4dcb163981ae,0,0.85,negative,proposal_available_teacher_edge_reachability_unavailable,20,20,20,0,0,True,True,False,False,,negative_not_applicable
test,center_failure-20v20-v1,20t20r,20062,center_failure_20v20-s20062-f9fb74943e68-r4dcb163981ae,1,1.0,negative,proposal_available_teacher_edge_reachability_unavailable,20,20,20,0,0,True,True,False,False,,negative_not_applicable
test,center_failure-20v20-v1,20t20r,20062,center_failure_20v20-s20062-f9fb74943e68-r4dcb163981ae,2,2.0,positive,proposal_available_teacher_edge_reachability_unavailable,20,20,20,6,4,False,False,False,False,,candidate_selection_mismatch_non_ood
validation,center_failure-20v20-v1,20t20r,20063,center_failure_20v20-s20063-32b93bf2de0b-r4dcb163981ae,0,0.75,negative,proposal_available_teacher_edge_reachability_unavailable,20,20,20,0,0,True,True,False,False,,negative_not_applicable
validation,center_failure-20v20-v1,20t20r,20063,center_failure_20v20-s20063-32b93bf2de0b-r4dcb163981ae,1,1.0,negative,proposal_available_teacher_edge_reachability_unavailable,20,20,20,0,0,True,True,False,False,,negative_not_applicable
validation,center_failure-20v20-v1,20t20r,20063,center_failure_20v20-s20063-32b93bf2de0b-r4dcb163981ae,2,2.0,positive,proposal_available_teacher_edge_reachability_unavailable,20,20,20,6,0,True,True,False,False,,teacher_exact_match
train,center_failure-20v20-v1,20t20r,20064,center_failure_20v20-s20064-f2b3ec1e3098-r4dcb163981ae,0,0.75,negative,proposal_available_teacher_edge_reachability_unavailable,20,20,20,0,0,True,True,False,False,,negative_not_applicable
train,center_failure-20v20-v1,20t20r,20064,center_failure_20v20-s20064-f2b3ec1e3098-r4dcb163981ae,1,1.0,negative,proposal_available_teacher_edge_reachability_unavailable,20,20,20,0,0,True,True,False,False,,negative_not_applicable
train,center_failure-20v20-v1,20t20r,20064,center_failure_20v20-s20064-f2b3ec1e3098-r4dcb163981ae,2,2.0,negative,proposal_available_teacher_edge_reachability_unavailable,20,20,20,0,0,True,True,False,False,,negative_not_applicable
train,center_failure-20v20-v1,20t20r,20065,center_failure_20v20-s20065-ad7caae7a732-r4dcb163981ae,0,0.75,negative,proposal_available_teacher_edge_reachability_unavailable,20,20,20,0,0,True,True,False,False,,negative_not_applicable
train,center_failure-20v20-v1,20t20r,20065,center_failure_20v20-s20065-ad7caae7a732-r4dcb163981ae,1,1.0,negative,proposal_available_teacher_edge_reachability_unavailable,20,20,20,0,0,True,True,False,False,,negative_not_applicable
train,center_failure-20v20-v1,20t20r,20065,center_failure_20v20-s20065-ad7caae7a732-r4dcb163981ae,2,2.0,positive,proposal_available_teacher_edge_reachability_unavailable,20,20,20,8,6,False,False,False,True,binding_change_limit_exceeded|rule_cost_difference_exceeded|relative_rule_cost_difference_exceeded,candidate_selection_mismatch_non_ood
train,center_failure-20v20-v1,20t20r,20066,center_failure_20v20-s20066-2b8f633576c9-r4dcb163981ae,0,0.75,negative,proposal_available_teacher_edge_reachability_unavailable,20,20,20,0,0,True,True,False,False,,negative_not_applicable
train,center_failure-20v20-v1,20t20r,20066,center_failure_20v20-s20066-2b8f633576c9-r4dcb163981ae,1,1.0,negative,proposal_available_teacher_edge_reachability_unavailable,20,20,20,0,0,True,True,False,False,,negative_not_applicable
train,center_failure-20v20-v1,20t20r,20066,center_failure_20v20-s20066-2b8f633576c9-r4dcb163981ae,2,2.0,positive,proposal_available_teacher_edge_reachability_unavailable,20,20,20,4,0,True,True,False,False,,teacher_exact_match
test,center_failure-20v20-v1,20t20r,20067,center_failure_20v20-s20067-bdd90fc86bee-r4dcb163981ae,0,0.75,negative,proposal_available_teacher_edge_reachability_unavailable,20,20,20,0,0,True,True,False,False,,negative_not_applicable
test,center_failure-20v20-v1,20t20r,20067,center_failure_20v20-s20067-bdd90fc86bee-r4dcb163981ae,1,1.0,negative,proposal_available_teacher_edge_reachability_unavailable,20,20,20,0,0,True,True,False,False,,negative_not_applicable
test,center_failure-20v20-v1,20t20r,20067,center_failure_20v20-s20067-bdd90fc86bee-r4dcb163981ae,2,2.0,positive,proposal_available_teacher_edge_reachability_unavailable,20,20,20,4,6,False,False,False,True,rule_cost_difference_exceeded|relative_rule_cost_difference_exceeded,candidate_selection_mismatch_non_ood
train,center_failure-20v20-v1,20t20r,20068,center_failure_20v20-s20068-47d665fbfed6-r4dcb163981ae,0,0.75,negative,proposal_available_teacher_edge_reachability_unavailable,19,20,19,0,0,True,True,False,False,,negative_not_applicable
train,center_failure-20v20-v1,20t20r,20068,center_failure_20v20-s20068-47d665fbfed6-r4dcb163981ae,1,1.0,negative,proposal_available_teacher_edge_reachability_unavailable,19,20,19,0,0,True,True,False,False,,negative_not_applicable
train,center_failure-20v20-v1,20t20r,20068,center_failure_20v20-s20068-47d665fbfed6-r4dcb163981ae,2,1.0,negative,proposal_available_teacher_edge_reachability_unavailable,19,20,19,0,0,True,True,False,False,,negative_not_applicable
train,center_failure-20v20-v1,20t20r,20069,center_failure_20v20-s20069-0d133525afb8-r4dcb163981ae,0,0.75,negative,proposal_available_teacher_edge_reachability_unavailable,20,20,20,0,0,True,True,False,False,,negative_not_applicable
train,center_failure-20v20-v1,20t20r,20069,center_failure_20v20-s20069-0d133525afb8-r4dcb163981ae,1,1.0,negative,proposal_available_teacher_edge_reachability_unavailable,20,20,20,0,0,True,True,False,False,,negative_not_applicable
train,center_failure-20v20-v1,20t20r,20069,center_failure_20v20-s20069-0d133525afb8-r4dcb163981ae,2,2.0,negative,proposal_available_teacher_edge_reachability_unavailable,20,20,20,0,0,True,True,False,False,,negative_not_applicable
test,communication_degraded-5v5-v1,5t5r,20050,communication_degraded_5v5-s20050-75f600426481-r4dcb163981ae,0,1.0,negative,proposal_available_teacher_edge_reachability_unavailable,5,5,5,0,0,True,True,False,False,,negative_not_applicable
test,communication_degraded-5v5-v1,5t5r,20050,communication_degraded_5v5-s20050-75f600426481-r4dcb163981ae,1,2.0,negative,proposal_available_teacher_edge_reachability_unavailable,5,5,5,0,0,True,True,False,False,,negative_not_applicable
train,communication_degraded-5v5-v1,5t5r,20051,communication_degraded_5v5-s20051-234b1263200c-r4dcb163981ae,0,0.9,negative,proposal_available_teacher_edge_reachability_unavailable,5,5,5,0,0,True,True,False,False,,negative_not_applicable
train,communication_degraded-5v5-v1,5t5r,20051,communication_degraded_5v5-s20051-234b1263200c-r4dcb163981ae,1,1.0,negative,proposal_available_teacher_edge_reachability_unavailable,5,5,5,0,0,True,True,False,False,,negative_not_applicable
train,communication_degraded-5v5-v1,5t5r,20051,communication_degraded_5v5-s20051-234b1263200c-r4dcb163981ae,2,2.0,negative,proposal_available_teacher_edge_reachability_unavailable,5,5,5,0,0,True,True,False,False,,negative_not_applicable
test,communication_degraded-5v5-v1,5t5r,20052,communication_degraded_5v5-s20052-b85745576259-r4dcb163981ae,0,1.0,negative,proposal_available_teacher_edge_reachability_unavailable,5,5,5,0,0,True,True,False,False,,negative_not_applicable
test,communication_degraded-5v5-v1,5t5r,20052,communication_degraded_5v5-s20052-b85745576259-r4dcb163981ae,1,2.0,positive,proposal_available_teacher_edge_reachability_unavailable,5,5,5,4,4,False,False,False,False,,candidate_selection_mismatch_non_ood
validation,communication_degraded-5v5-v1,5t5r,20053,communication_degraded_5v5-s20053-4593bbda368a-r4dcb163981ae,0,1.05,negative,proposal_available_teacher_edge_reachability_unavailable,5,5,5,0,0,True,True,False,False,,negative_not_applicable
validation,communication_degraded-5v5-v1,5t5r,20053,communication_degraded_5v5-s20053-4593bbda368a-r4dcb163981ae,1,2.0,negative,proposal_available_teacher_edge_reachability_unavailable,5,5,5,0,0,True,True,False,False,,negative_not_applicable
validation,communication_degraded-5v5-v1,5t5r,20054,communication_degraded_5v5-s20054-25271bce7ca9-r4dcb163981ae,0,0.95,negative,proposal_available_teacher_edge_reachability_unavailable,5,5,5,0,0,True,True,False,False,,negative_not_applicable
validation,communication_degraded-5v5-v1,5t5r,20054,communication_degraded_5v5-s20054-25271bce7ca9-r4dcb163981ae,1,1.0,negative,proposal_available_teacher_edge_reachability_unavailable,5,5,5,0,0,True,True,False,False,,negative_not_applicable
validation,communication_degraded-5v5-v1,5t5r,20054,communication_degraded_5v5-s20054-25271bce7ca9-r4dcb163981ae,2,2.0,negative,proposal_available_teacher_edge_reachability_unavailable,5,5,5,0,0,True,True,False,False,,negative_not_applicable
train,communication_degraded-5v5-v1,5t5r,20055,communication_degraded_5v5-s20055-342b59835a42-r4dcb163981ae,0,0.85,negative,proposal_available_teacher_edge_reachability_unavailable,5,5,5,0,0,True,True,False,False,,negative_not_applicable
train,communication_degraded-5v5-v1,5t5r,20055,communication_degraded_5v5-s20055-342b59835a42-r4dcb163981ae,1,1.0,negative,proposal_available_teacher_edge_reachability_unavailable,5,5,5,0,0,True,True,False,False,,negative_not_applicable
train,communication_degraded-5v5-v1,5t5r,20055,communication_degraded_5v5-s20055-342b59835a42-r4dcb163981ae,2,2.0,negative,proposal_available_teacher_edge_reachability_unavailable,5,5,5,0,0,True,True,False,False,,negative_not_applicable
validation,communication_degraded-5v5-v1,5t5r,20056,communication_degraded_5v5-s20056-ebd72c696c62-r4dcb163981ae,0,0.95,negative,proposal_available_teacher_edge_reachability_unavailable,5,5,5,0,0,True,True,False,False,,negative_not_applicable
validation,communication_degraded-5v5-v1,5t5r,20056,communication_degraded_5v5-s20056-ebd72c696c62-r4dcb163981ae,1,1.0,negative,proposal_available_teacher_edge_reachability_unavailable,5,5,5,0,0,True,True,False,False,,negative_not_applicable
validation,communication_degraded-5v5-v1,5t5r,20056,communication_degraded_5v5-s20056-ebd72c696c62-r4dcb163981ae,2,2.0,negative,proposal_available_teacher_edge_reachability_unavailable,5,5,5,0,0,True,True,False,False,,negative_not_applicable
train,communication_degraded-5v5-v1,5t5r,20057,communication_degraded_5v5-s20057-1f3aea318897-r4dcb163981ae,0,1.25,negative,proposal_available_teacher_edge_reachability_unavailable,5,5,5,0,0,True,True,False,False,,negative_not_applicable
train,communication_degraded-5v5-v1,5t5r,20057,communication_degraded_5v5-s20057-1f3aea318897-r4dcb163981ae,1,2.0,positive,proposal_available_teacher_edge_reachability_unavailable,5,5,5,4,4,False,False,False,False,,candidate_selection_mismatch_non_ood
validation,communication_degraded-5v5-v1,5t5r,20058,communication_degraded_5v5-s20058-a5093c4ee6d1-r4dcb163981ae,0,1.15,negative,proposal_available_teacher_edge_reachability_unavailable,5,5,5,0,0,True,True,False,False,,negative_not_applicable
validation,communication_degraded-5v5-v1,5t5r,20058,communication_degraded_5v5-s20058-a5093c4ee6d1-r4dcb163981ae,1,2.0,negative,proposal_available_teacher_edge_reachability_unavailable,5,5,5,0,0,True,True,False,False,,negative_not_applicable
test,communication_degraded-5v5-v1,5t5r,20059,communication_degraded_5v5-s20059-f4f65dc50533-r4dcb163981ae,0,1.25,negative,proposal_available_teacher_edge_reachability_unavailable,5,5,5,0,0,True,True,False,False,,negative_not_applicable
test,communication_degraded-5v5-v1,5t5r,20059,communication_degraded_5v5-s20059-f4f65dc50533-r4dcb163981ae,1,2.0,negative,proposal_available_teacher_edge_reachability_unavailable,5,5,5,0,0,True,True,False,False,,negative_not_applicable
train,delayed_noisy-200v200-v1,200t200r,20040,delayed_noisy_200v200-s20040-010799c58309-r61bb88a65f68,0,0.9,negative,proposal_available_teacher_edge_reachability_unavailable,176,200,176,0,0,True,True,False,False,,negative_not_applicable
train,delayed_noisy-200v200-v1,200t200r,20040,delayed_noisy_200v200-s20040-010799c58309-r61bb88a65f68,1,1.0,positive,proposal_available_teacher_edge_reachability_unavailable,180,200,180,4,84,False,False,False,True,binding_change_limit_exceeded,candidate_selection_mismatch_non_ood
train,delayed_noisy-200v200-v1,200t200r,20040,delayed_noisy_200v200-s20040-010799c58309-r61bb88a65f68,2,2.0,positive,proposal_available_teacher_edge_reachability_unavailable,203,200,203,8,8,False,False,True,True,feature_ood,feature_ood_rule_fallback
test,delayed_noisy-200v200-v1,200t200r,20041,delayed_noisy_200v200-s20041-095c3ea2f5ff-r61bb88a65f68,0,0.9,negative,proposal_available_teacher_edge_reachability_unavailable,183,200,183,0,0,True,True,False,False,,negative_not_applicable
test,delayed_noisy-200v200-v1,200t200r,20041,delayed_noisy_200v200-s20041-095c3ea2f5ff-r61bb88a65f68,1,1.0,positive,proposal_available_teacher_edge_reachability_unavailable,185,200,185,4,106,False,False,False,True,binding_change_limit_exceeded|rule_cost_difference_exceeded,candidate_selection_mismatch_non_ood
test,delayed_noisy-200v200-v1,200t200r,20041,delayed_noisy_200v200-s20041-095c3ea2f5ff-r61bb88a65f68,2,2.0,positive,proposal_available_teacher_edge_reachability_unavailable,202,200,202,6,6,False,False,True,True,feature_ood,feature_ood_rule_fallback
validation,delayed_noisy-200v200-v1,200t200r,20042,delayed_noisy_200v200-s20042-6df030cbf7a8-r61bb88a65f68,0,1.1,negative,proposal_available_teacher_edge_reachability_unavailable,184,200,184,0,0,True,True,False,False,,negative_not_applicable
validation,delayed_noisy-200v200-v1,200t200r,20042,delayed_noisy_200v200-s20042-6df030cbf7a8-r61bb88a65f68,1,2.0,positive,proposal_available_teacher_edge_reachability_unavailable,203,200,203,4,290,False,False,False,True,binding_change_limit_exceeded|rule_cost_difference_exceeded,candidate_selection_mismatch_non_ood
validation,delayed_noisy-200v200-v1,200t200r,20043,delayed_noisy_200v200-s20043-90bf475ecd0d-r61bb88a65f68,0,0.9,negative,proposal_available_teacher_edge_reachability_unavailable,183,200,183,0,0,True,True,False,False,,negative_not_applicable
validation,delayed_noisy-200v200-v1,200t200r,20043,delayed_noisy_200v200-s20043-90bf475ecd0d-r61bb88a65f68,1,1.0,positive,proposal_available_teacher_edge_reachability_unavailable,189,200,189,4,126,False,False,False,True,binding_change_limit_exceeded|rule_cost_difference_exceeded,candidate_selection_mismatch_non_ood
validation,delayed_noisy-200v200-v1,200t200r,20043,delayed_noisy_200v200-s20043-90bf475ecd0d-r61bb88a65f68,2,2.0,positive,proposal_available_teacher_edge_reachability_unavailable,203,200,203,4,306,False,False,False,True,binding_change_limit_exceeded|rule_cost_difference_exceeded,candidate_selection_mismatch_non_ood
train,delayed_noisy-200v200-v1,200t200r,20044,delayed_noisy_200v200-s20044-4ad965baf18c-r61bb88a65f68,0,0.9,negative,proposal_available_teacher_edge_reachability_unavailable,182,200,182,0,0,True,True,False,False,,negative_not_applicable
train,delayed_noisy-200v200-v1,200t200r,20044,delayed_noisy_200v200-s20044-4ad965baf18c-r61bb88a65f68,1,1.0,positive,proposal_available_teacher_edge_reachability_unavailable,187,200,187,4,102,False,False,False,True,binding_change_limit_exceeded|rule_cost_difference_exceeded,candidate_selection_mismatch_non_ood
train,delayed_noisy-200v200-v1,200t200r,20044,delayed_noisy_200v200-s20044-4ad965baf18c-r61bb88a65f68,2,2.0,positive,proposal_available_teacher_edge_reachability_unavailable,206,200,206,8,300,False,False,False,True,binding_change_limit_exceeded|rule_cost_difference_exceeded,candidate_selection_mismatch_non_ood
train,delayed_noisy-200v200-v1,200t200r,20045,delayed_noisy_200v200-s20045-2c57769ae61e-r61bb88a65f68,0,0.9,negative,proposal_available_teacher_edge_reachability_unavailable,178,200,178,0,0,True,True,False,False,,negative_not_applicable
train,delayed_noisy-200v200-v1,200t200r,20045,delayed_noisy_200v200-s20045-2c57769ae61e-r61bb88a65f68,1,1.0,positive,proposal_available_teacher_edge_reachability_unavailable,179,200,179,4,8,False,False,False,True,binding_change_limit_exceeded,candidate_selection_mismatch_non_ood
train,delayed_noisy-200v200-v1,200t200r,20045,delayed_noisy_200v200-s20045-2c57769ae61e-r61bb88a65f68,2,2.0,positive,proposal_available_teacher_edge_reachability_unavailable,207,200,207,8,8,False,False,True,True,feature_ood,feature_ood_rule_fallback
train,delayed_noisy-200v200-v1,200t200r,20046,delayed_noisy_200v200-s20046-b2c33a73f794-r61bb88a65f68,0,0.9,negative,proposal_available_teacher_edge_reachability_unavailable,179,200,179,0,0,True,True,False,False,,negative_not_applicable
train,delayed_noisy-200v200-v1,200t200r,20046,delayed_noisy_200v200-s20046-b2c33a73f794-r61bb88a65f68,1,1.0,positive,proposal_available_teacher_edge_reachability_unavailable,184,200,184,4,106,False,False,False,True,binding_change_limit_exceeded|rule_cost_difference_exceeded,candidate_selection_mismatch_non_ood
train,delayed_noisy-200v200-v1,200t200r,20046,delayed_noisy_200v200-s20046-b2c33a73f794-r61bb88a65f68,2,2.0,positive,proposal_available_teacher_edge_reachability_unavailable,203,200,203,6,324,False,False,False,True,binding_change_limit_exceeded|rule_cost_difference_exceeded,candidate_selection_mismatch_non_ood
train,delayed_noisy-200v200-v1,200t200r,20047,delayed_noisy_200v200-s20047-a83addb9da0b-r61bb88a65f68,0,0.9,negative,proposal_available_teacher_edge_reachability_unavailable,181,200,181,0,0,True,True,False,False,,negative_not_applicable
train,delayed_noisy-200v200-v1,200t200r,20047,delayed_noisy_200v200-s20047-a83addb9da0b-r61bb88a65f68,1,1.0,positive,proposal_available_teacher_edge_reachability_unavailable,183,200,183,4,30,False,False,False,True,binding_change_limit_exceeded,candidate_selection_mismatch_non_ood
train,delayed_noisy-200v200-v1,200t200r,20047,delayed_noisy_200v200-s20047-a83addb9da0b-r61bb88a65f68,2,2.0,positive,proposal_available_teacher_edge_reachability_unavailable,204,200,204,6,318,False,False,False,True,binding_change_limit_exceeded|rule_cost_difference_exceeded,candidate_selection_mismatch_non_ood
train,delayed_noisy-200v200-v1,200t200r,20048,delayed_noisy_200v200-s20048-6562f41bcd24-r61bb88a65f68,0,1.3,negative,proposal_available_teacher_edge_reachability_unavailable,178,200,178,0,0,True,True,False,False,,negative_not_applicable
train,delayed_noisy-200v200-v1,200t200r,20048,delayed_noisy_200v200-s20048-6562f41bcd24-r61bb88a65f68,1,2.0,positive,proposal_available_teacher_edge_reachability_unavailable,205,200,205,8,280,False,False,False,True,binding_change_limit_exceeded|rule_cost_difference_exceeded,candidate_selection_mismatch_non_ood
train,delayed_noisy-200v200-v1,200t200r,20049,delayed_noisy_200v200-s20049-94dc20514c3b-r61bb88a65f68,0,0.9,negative,proposal_available_teacher_edge_reachability_unavailable,182,200,182,0,0,True,True,False,False,,negative_not_applicable
train,delayed_noisy-200v200-v1,200t200r,20049,delayed_noisy_200v200-s20049-94dc20514c3b-r61bb88a65f68,1,1.0,positive,proposal_available_teacher_edge_reachability_unavailable,183,200,183,4,46,False,False,False,True,binding_change_limit_exceeded,candidate_selection_mismatch_non_ood
train,delayed_noisy-200v200-v1,200t200r,20049,delayed_noisy_200v200-s20049-94dc20514c3b-r61bb88a65f68,2,2.0,positive,proposal_available_teacher_edge_reachability_unavailable,203,200,203,4,4,False,False,True,True,feature_ood,feature_ood_rule_fallback
validation,dense_crossing-20v20-v1,20t20r,20010,dense_crossing_20v20-s20010-52606ccf2fab-r4dcb163981ae,0,0.75,negative,proposal_available_teacher_edge_reachability_unavailable,20,20,20,0,0,True,True,False,False,,negative_not_applicable
validation,dense_crossing-20v20-v1,20t20r,20010,dense_crossing_20v20-s20010-52606ccf2fab-r4dcb163981ae,1,1.0,negative,proposal_available_teacher_edge_reachability_unavailable,20,20,20,0,0,True,True,False,False,,negative_not_applicable
validation,dense_crossing-20v20-v1,20t20r,20010,dense_crossing_20v20-s20010-52606ccf2fab-r4dcb163981ae,2,2.0,positive,proposal_available_teacher_edge_reachability_unavailable,20,20,20,6,0,True,True,False,False,,teacher_exact_match
train,dense_crossing-20v20-v1,20t20r,20011,dense_crossing_20v20-s20011-f4dfbb835d25-r4dcb163981ae,0,0.75,negative,proposal_available_teacher_edge_reachability_unavailable,20,20,20,0,0,True,True,False,False,,negative_not_applicable
train,dense_crossing-20v20-v1,20t20r,20011,dense_crossing_20v20-s20011-f4dfbb835d25-r4dcb163981ae,1,1.0,positive,proposal_available_teacher_edge_reachability_unavailable,20,20,20,4,4,False,False,False,False,,candidate_selection_mismatch_non_ood
train,dense_crossing-20v20-v1,20t20r,20011,dense_crossing_20v20-s20011-f4dfbb835d25-r4dcb163981ae,2,2.0,positive,proposal_available_teacher_edge_reachability_unavailable,20,20,20,4,4,False,False,False,False,,candidate_selection_mismatch_non_ood
train,dense_crossing-20v20-v1,20t20r,20012,dense_crossing_20v20-s20012-e6acd9ee94a0-r4dcb163981ae,0,0.85,negative,proposal_available_teacher_edge_reachability_unavailable,19,20,19,0,0,True,True,False,False,,negative_not_applicable
train,dense_crossing-20v20-v1,20t20r,20012,dense_crossing_20v20-s20012-e6acd9ee94a0-r4dcb163981ae,1,1.0,negative,proposal_available_teacher_edge_reachability_unavailable,19,20,19,0,0,True,True,False,False,,negative_not_applicable
train,dense_crossing-20v20-v1,20t20r,20012,dense_crossing_20v20-s20012-e6acd9ee94a0-r4dcb163981ae,2,2.0,negative,proposal_available_teacher_edge_reachability_unavailable,20,20,20,0,0,True,True,False,False,,negative_not_applicable
validation,dense_crossing-20v20-v1,20t20r,20013,dense_crossing_20v20-s20013-68d1fb0bf891-r4dcb163981ae,0,0.85,negative,proposal_available_teacher_edge_reachability_unavailable,19,20,19,0,0,True,True,False,False,,negative_not_applicable
validation,dense_crossing-20v20-v1,20t20r,20013,dense_crossing_20v20-s20013-68d1fb0bf891-r4dcb163981ae,1,1.0,negative,proposal_available_teacher_edge_reachability_unavailable,19,20,19,0,0,True,True,False,False,,negative_not_applicable
validation,dense_crossing-20v20-v1,20t20r,20013,dense_crossing_20v20-s20013-68d1fb0bf891-r4dcb163981ae,2,2.0,negative,proposal_available_teacher_edge_reachability_unavailable,20,20,20,0,0,True,True,False,False,,negative_not_applicable
test,dense_crossing-20v20-v1,20t20r,20014,dense_crossing_20v20-s20014-b074bb2795fe-r4dcb163981ae,0,0.75,negative,proposal_available_teacher_edge_reachability_unavailable,20,20,20,0,0,True,True,False,False,,negative_not_applicable
test,dense_crossing-20v20-v1,20t20r,20014,dense_crossing_20v20-s20014-b074bb2795fe-r4dcb163981ae,1,1.0,negative,proposal_available_teacher_edge_reachability_unavailable,20,20,20,0,0,True,True,False,False,,negative_not_applicable
test,dense_crossing-20v20-v1,20t20r,20014,dense_crossing_20v20-s20014-b074bb2795fe-r4dcb163981ae,2,2.0,positive,proposal_available_teacher_edge_reachability_unavailable,20,20,20,4,4,False,False,False,False,,candidate_selection_mismatch_non_ood
train,dense_crossing-20v20-v1,20t20r,20015,dense_crossing_20v20-s20015-dfc75a43c2c0-r4dcb163981ae,0,0.85,negative,proposal_available_teacher_edge_reachability_unavailable,19,20,19,0,0,True,True,False,False,,negative_not_applicable
train,dense_crossing-20v20-v1,20t20r,20015,dense_crossing_20v20-s20015-dfc75a43c2c0-r4dcb163981ae,1,1.0,positive,proposal_available_teacher_edge_reachability_unavailable,19,20,19,4,4,False,False,False,False,,candidate_selection_mismatch_non_ood
train,dense_crossing-20v20-v1,20t20r,20015,dense_crossing_20v20-s20015-dfc75a43c2c0-r4dcb163981ae,2,2.0,positive,proposal_available_teacher_edge_reachability_unavailable,20,20,20,4,4,False,False,False,False,,candidate_selection_mismatch_non_ood
train,dense_crossing-20v20-v1,20t20r,20016,dense_crossing_20v20-s20016-9ea620f56104-r4dcb163981ae,0,0.85,negative,proposal_available_teacher_edge_reachability_unavailable,20,20,20,0,0,True,True,False,False,,negative_not_applicable
train,dense_crossing-20v20-v1,20t20r,20016,dense_crossing_20v20-s20016-9ea620f56104-r4dcb163981ae,1,1.0,negative,proposal_available_teacher_edge_reachability_unavailable,20,20,20,0,0,True,True,False,False,,negative_not_applicable
train,dense_crossing-20v20-v1,20t20r,20016,dense_crossing_20v20-s20016-9ea620f56104-r4dcb163981ae,2,2.0,positive,proposal_available_teacher_edge_reachability_unavailable,20,20,20,6,0,True,True,False,False,,teacher_exact_match
train,dense_crossing-20v20-v1,20t20r,20017,dense_crossing_20v20-s20017-d6c6ee9ff8af-r4dcb163981ae,0,0.85,negative,proposal_available_teacher_edge_reachability_unavailable,20,20,20,0,0,True,True,False,False,,negative_not_applicable
train,dense_crossing-20v20-v1,20t20r,20017,dense_crossing_20v20-s20017-d6c6ee9ff8af-r4dcb163981ae,1,1.0,positive,proposal_available_teacher_edge_reachability_unavailable,20,20,20,4,0,True,True,False,False,,teacher_exact_match
train,dense_crossing-20v20-v1,20t20r,20017,dense_crossing_20v20-s20017-d6c6ee9ff8af-r4dcb163981ae,2,2.0,positive,proposal_available_teacher_edge_reachability_unavailable,20,20,20,4,0,True,True,False,False,,teacher_exact_match
train,dense_crossing-20v20-v1,20t20r,20018,dense_crossing_20v20-s20018-d8a2def8a502-r4dcb163981ae,0,0.85,negative,proposal_available_teacher_edge_reachability_unavailable,20,20,20,0,0,True,True,False,False,,negative_not_applicable
train,dense_crossing-20v20-v1,20t20r,20018,dense_crossing_20v20-s20018-d8a2def8a502-r4dcb163981ae,1,1.0,negative,proposal_available_teacher_edge_reachability_unavailable,20,20,20,0,0,True,True,False,False,,negative_not_applicable
train,dense_crossing-20v20-v1,20t20r,20018,dense_crossing_20v20-s20018-d8a2def8a502-r4dcb163981ae,2,2.0,positive,proposal_available_teacher_edge_reachability_unavailable,20,20,20,4,4,False,False,False,True,rule_cost_difference_exceeded|relative_rule_cost_difference_exceeded,candidate_selection_mismatch_non_ood
train,dense_crossing-20v20-v1,20t20r,20019,dense_crossing_20v20-s20019-0b4fb368f4d9-r4dcb163981ae,0,0.85,negative,proposal_available_teacher_edge_reachability_unavailable,20,20,20,0,0,True,True,False,False,,negative_not_applicable
train,dense_crossing-20v20-v1,20t20r,20019,dense_crossing_20v20-s20019-0b4fb368f4d9-r4dcb163981ae,1,1.0,negative,proposal_available_teacher_edge_reachability_unavailable,20,20,20,0,0,True,True,False,False,,negative_not_applicable
train,dense_crossing-20v20-v1,20t20r,20019,dense_crossing_20v20-s20019-0b4fb368f4d9-r4dcb163981ae,2,2.0,positive,proposal_available_teacher_edge_reachability_unavailable,20,20,20,4,12,False,False,False,True,binding_change_limit_exceeded|rule_cost_difference_exceeded|relative_rule_cost_difference_exceeded,candidate_selection_mismatch_non_ood
train,evasive_multilevel-100v100-v1,100t100r,20030,evasive_multilevel_100v100-s20030-f0c5ad9031d0-r2d01418f825a,0,0.75,negative,proposal_available_teacher_edge_reachability_unavailable,98,100,98,0,0,True,True,False,False,,negative_not_applicable
train,evasive_multilevel-100v100-v1,100t100r,20030,evasive_multilevel_100v100-s20030-f0c5ad9031d0-r2d01418f825a,1,1.0,positive,proposal_available_teacher_edge_reachability_unavailable,100,100,100,4,82,False,False,False,True,binding_change_limit_exceeded|rule_cost_difference_exceeded,candidate_selection_mismatch_non_ood
train,evasive_multilevel-100v100-v1,100t100r,20030,evasive_multilevel_100v100-s20030-f0c5ad9031d0-r2d01418f825a,2,2.0,positive,proposal_available_teacher_edge_reachability_unavailable,100,100,100,4,4,False,False,True,True,feature_ood,feature_ood_rule_fallback
validation,evasive_multilevel-100v100-v1,100t100r,20031,evasive_multilevel_100v100-s20031-5a61d5e24115-r2d01418f825a,0,0.75,negative,proposal_available_teacher_edge_reachability_unavailable,97,100,97,0,0,True,True,False,False,,negative_not_applicable
validation,evasive_multilevel-100v100-v1,100t100r,20031,evasive_multilevel_100v100-s20031-5a61d5e24115-r2d01418f825a,1,1.0,positive,proposal_available_teacher_edge_reachability_unavailable,102,100,102,4,116,False,False,False,True,binding_change_limit_exceeded|rule_cost_difference_exceeded,candidate_selection_mismatch_non_ood
validation,evasive_multilevel-100v100-v1,100t100r,20031,evasive_multilevel_100v100-s20031-5a61d5e24115-r2d01418f825a,2,2.0,positive,proposal_available_teacher_edge_reachability_unavailable,100,100,100,6,6,False,False,True,True,feature_ood,feature_ood_rule_fallback
train,evasive_multilevel-100v100-v1,100t100r,20032,evasive_multilevel_100v100-s20032-36d3b236d8b2-r2d01418f825a,0,0.75,negative,proposal_available_teacher_edge_reachability_unavailable,100,100,100,0,0,True,True,False,False,,negative_not_applicable
train,evasive_multilevel-100v100-v1,100t100r,20032,evasive_multilevel_100v100-s20032-36d3b236d8b2-r2d01418f825a,1,1.0,positive,proposal_available_teacher_edge_reachability_unavailable,100,100,100,4,16,False,False,False,True,binding_change_limit_exceeded,candidate_selection_mismatch_non_ood
train,evasive_multilevel-100v100-v1,100t100r,20032,evasive_multilevel_100v100-s20032-36d3b236d8b2-r2d01418f825a,2,2.0,positive,proposal_available_teacher_edge_reachability_unavailable,100,100,100,4,4,False,False,True,True,feature_ood,feature_ood_rule_fallback
test,evasive_multilevel-100v100-v1,100t100r,20033,evasive_multilevel_100v100-s20033-b0d95f089292-r2d01418f825a,0,0.75,negative,proposal_available_teacher_edge_reachability_unavailable,97,100,97,0,0,True,True,False,False,,negative_not_applicable
test,evasive_multilevel-100v100-v1,100t100r,20033,evasive_multilevel_100v100-s20033-b0d95f089292-r2d01418f825a,1,1.0,positive,proposal_available_teacher_edge_reachability_unavailable,100,100,100,4,84,False,False,False,True,binding_change_limit_exceeded|rule_cost_difference_exceeded,candidate_selection_mismatch_non_ood
test,evasive_multilevel-100v100-v1,100t100r,20033,evasive_multilevel_100v100-s20033-b0d95f089292-r2d01418f825a,2,2.0,positive,proposal_available_teacher_edge_reachability_unavailable,100,100,100,8,146,False,False,False,True,binding_change_limit_exceeded|rule_cost_difference_exceeded,candidate_selection_mismatch_non_ood
train,evasive_multilevel-100v100-v1,100t100r,20034,evasive_multilevel_100v100-s20034-df78d0ba64f9-r2d01418f825a,0,0.75,negative,proposal_available_teacher_edge_reachability_unavailable,97,100,97,0,0,True,True,False,False,,negative_not_applicable
train,evasive_multilevel-100v100-v1,100t100r,20034,evasive_multilevel_100v100-s20034-df78d0ba64f9-r2d01418f825a,1,1.0,positive,proposal_available_teacher_edge_reachability_unavailable,99,100,99,4,50,False,False,False,True,binding_change_limit_exceeded,candidate_selection_mismatch_non_ood
train,evasive_multilevel-100v100-v1,100t100r,20034,evasive_multilevel_100v100-s20034-df78d0ba64f9-r2d01418f825a,2,2.0,positive,proposal_available_teacher_edge_reachability_unavailable,100,100,100,4,124,False,False,False,True,binding_change_limit_exceeded|rule_cost_difference_exceeded,candidate_selection_mismatch_non_ood
train,evasive_multilevel-100v100-v1,100t100r,20035,evasive_multilevel_100v100-s20035-7ddc3d568dae-r2d01418f825a,0,0.75,negative,proposal_available_teacher_edge_reachability_unavailable,97,100,97,0,0,True,True,False,False,,negative_not_applicable
train,evasive_multilevel-100v100-v1,100t100r,20035,evasive_multilevel_100v100-s20035-7ddc3d568dae-r2d01418f825a,1,1.0,positive,proposal_available_teacher_edge_reachability_unavailable,100,100,100,4,48,False,False,False,True,binding_change_limit_exceeded,candidate_selection_mismatch_non_ood
train,evasive_multilevel-100v100-v1,100t100r,20035,evasive_multilevel_100v100-s20035-7ddc3d568dae-r2d01418f825a,2,2.0,positive,proposal_available_teacher_edge_reachability_unavailable,100,100,100,4,110,False,False,False,True,binding_change_limit_exceeded|rule_cost_difference_exceeded,candidate_selection_mismatch_non_ood
test,evasive_multilevel-100v100-v1,100t100r,20036,evasive_multilevel_100v100-s20036-6b358871c6bf-r2d01418f825a,0,0.75,negative,proposal_available_teacher_edge_reachability_unavailable,99,100,99,0,0,True,True,False,False,,negative_not_applicable
test,evasive_multilevel-100v100-v1,100t100r,20036,evasive_multilevel_100v100-s20036-6b358871c6bf-r2d01418f825a,1,1.0,positive,proposal_available_teacher_edge_reachability_unavailable,100,100,100,4,54,False,False,False,True,binding_change_limit_exceeded|rule_cost_difference_exceeded,candidate_selection_mismatch_non_ood
test,evasive_multilevel-100v100-v1,100t100r,20036,evasive_multilevel_100v100-s20036-6b358871c6bf-r2d01418f825a,2,2.0,positive,proposal_available_teacher_edge_reachability_unavailable,100,100,100,8,8,False,False,True,True,feature_ood,feature_ood_rule_fallback
train,evasive_multilevel-100v100-v1,100t100r,20037,evasive_multilevel_100v100-s20037-a965e14b289e-r2d01418f825a,0,0.75,negative,proposal_available_teacher_edge_reachability_unavailable,96,100,96,0,0,True,True,False,False,,negative_not_applicable
train,evasive_multilevel-100v100-v1,100t100r,20037,evasive_multilevel_100v100-s20037-a965e14b289e-r2d01418f825a,1,1.0,positive,proposal_available_teacher_edge_reachability_unavailable,99,100,99,4,86,False,False,False,True,binding_change_limit_exceeded|rule_cost_difference_exceeded,candidate_selection_mismatch_non_ood
train,evasive_multilevel-100v100-v1,100t100r,20037,evasive_multilevel_100v100-s20037-a965e14b289e-r2d01418f825a,2,2.0,positive,proposal_available_teacher_edge_reachability_unavailable,100,100,100,4,136,False,False,False,True,binding_change_limit_exceeded|rule_cost_difference_exceeded|relative_rule_cost_difference_exceeded,candidate_selection_mismatch_non_ood
test,evasive_multilevel-100v100-v1,100t100r,20038,evasive_multilevel_100v100-s20038-e5dfc3d96a27-r2d01418f825a,0,0.85,negative,proposal_available_teacher_edge_reachability_unavailable,96,100,96,0,0,True,True,False,False,,negative_not_applicable
test,evasive_multilevel-100v100-v1,100t100r,20038,evasive_multilevel_100v100-s20038-e5dfc3d96a27-r2d01418f825a,1,1.0,positive,proposal_available_teacher_edge_reachability_unavailable,100,100,100,4,108,False,False,False,True,binding_change_limit_exceeded|rule_cost_difference_exceeded,candidate_selection_mismatch_non_ood
test,evasive_multilevel-100v100-v1,100t100r,20038,evasive_multilevel_100v100-s20038-e5dfc3d96a27-r2d01418f825a,2,2.0,positive,proposal_available_teacher_edge_reachability_unavailable,100,100,100,8,150,False,False,False,True,binding_change_limit_exceeded|rule_cost_difference_exceeded,candidate_selection_mismatch_non_ood
train,evasive_multilevel-100v100-v1,100t100r,20039,evasive_multilevel_100v100-s20039-bc1a845183dc-r2d01418f825a,0,0.85,negative,proposal_available_teacher_edge_reachability_unavailable,98,100,98,0,0,True,True,False,False,,negative_not_applicable
train,evasive_multilevel-100v100-v1,100t100r,20039,evasive_multilevel_100v100-s20039-bc1a845183dc-r2d01418f825a,1,1.0,positive,proposal_available_teacher_edge_reachability_unavailable,103,100,103,4,84,False,False,False,True,binding_change_limit_exceeded|rule_cost_difference_exceeded,candidate_selection_mismatch_non_ood
train,evasive_multilevel-100v100-v1,100t100r,20039,evasive_multilevel_100v100-s20039-bc1a845183dc-r2d01418f825a,2,2.0,positive,proposal_available_teacher_edge_reachability_unavailable,100,100,100,6,136,False,False,False,True,binding_change_limit_exceeded|rule_cost_difference_exceeded,candidate_selection_mismatch_non_ood
validation,formation_split-50v50-v1,50t50r,20020,formation_split_50v50-s20020-21fd1a4388b9-r4dcb163981ae,0,0.85,negative,proposal_available_teacher_edge_reachability_unavailable,49,50,49,0,0,True,True,False,False,,negative_not_applicable
validation,formation_split-50v50-v1,50t50r,20020,formation_split_50v50-s20020-21fd1a4388b9-r4dcb163981ae,1,1.0,negative,proposal_available_teacher_edge_reachability_unavailable,49,50,49,0,0,True,True,False,False,,negative_not_applicable
validation,formation_split-50v50-v1,50t50r,20020,formation_split_50v50-s20020-21fd1a4388b9-r4dcb163981ae,2,2.0,positive,proposal_available_teacher_edge_reachability_unavailable,51,50,51,6,38,False,False,False,True,binding_change_limit_exceeded,candidate_selection_mismatch_non_ood
train,formation_split-50v50-v1,50t50r,20021,formation_split_50v50-s20021-bf9872e8525a-r4dcb163981ae,0,0.85,negative,proposal_available_teacher_edge_reachability_unavailable,49,50,49,0,0,True,True,False,False,,negative_not_applicable
train,formation_split-50v50-v1,50t50r,20021,formation_split_50v50-s20021-bf9872e8525a-r4dcb163981ae,1,1.0,negative,proposal_available_teacher_edge_reachability_unavailable,50,50,50,0,14,False,True,False,True,binding_change_limit_exceeded,negative_not_applicable
train,formation_split-50v50-v1,50t50r,20021,formation_split_50v50-s20021-bf9872e8525a-r4dcb163981ae,2,2.0,positive,proposal_available_teacher_edge_reachability_unavailable,50,50,50,4,54,False,False,False,True,binding_change_limit_exceeded|rule_cost_difference_exceeded,candidate_selection_mismatch_non_ood
test,formation_split-50v50-v1,50t50r,20022,formation_split_50v50-s20022-244ba72af370-r4dcb163981ae,0,0.75,negative,proposal_available_teacher_edge_reachability_unavailable,49,50,49,0,0,True,True,False,False,,negative_not_applicable
test,formation_split-50v50-v1,50t50r,20022,formation_split_50v50-s20022-244ba72af370-r4dcb163981ae,1,1.0,negative,proposal_available_teacher_edge_reachability_unavailable,49,50,49,0,0,True,True,False,False,,negative_not_applicable
test,formation_split-50v50-v1,50t50r,20022,formation_split_50v50-s20022-244ba72af370-r4dcb163981ae,2,2.0,positive,proposal_available_teacher_edge_reachability_unavailable,50,50,50,8,8,False,False,True,True,feature_ood,feature_ood_rule_fallback
validation,formation_split-50v50-v1,50t50r,20023,formation_split_50v50-s20023-74697289accc-r4dcb163981ae,0,0.75,negative,proposal_available_teacher_edge_reachability_unavailable,50,50,50,0,0,True,True,False,False,,negative_not_applicable
validation,formation_split-50v50-v1,50t50r,20023,formation_split_50v50-s20023-74697289accc-r4dcb163981ae,1,1.0,negative,proposal_available_teacher_edge_reachability_unavailable,50,50,50,0,0,True,True,False,False,,negative_not_applicable
validation,formation_split-50v50-v1,50t50r,20023,formation_split_50v50-s20023-74697289accc-r4dcb163981ae,2,2.0,positive,proposal_available_teacher_edge_reachability_unavailable,50,50,50,4,4,False,False,True,True,feature_ood,feature_ood_rule_fallback
train,formation_split-50v50-v1,50t50r,20024,formation_split_50v50-s20024-165fa9b2a531-r4dcb163981ae,0,0.75,negative,proposal_available_teacher_edge_reachability_unavailable,50,50,50,0,0,True,True,False,False,,negative_not_applicable
train,formation_split-50v50-v1,50t50r,20024,formation_split_50v50-s20024-165fa9b2a531-r4dcb163981ae,1,1.0,negative,proposal_available_teacher_edge_reachability_unavailable,50,50,50,0,0,True,True,False,False,,negative_not_applicable
train,formation_split-50v50-v1,50t50r,20024,formation_split_50v50-s20024-165fa9b2a531-r4dcb163981ae,2,2.0,positive,proposal_available_teacher_edge_reachability_unavailable,50,50,50,4,30,False,False,False,True,binding_change_limit_exceeded,candidate_selection_mismatch_non_ood
train,formation_split-50v50-v1,50t50r,20025,formation_split_50v50-s20025-790ae870a518-r4dcb163981ae,0,0.75,negative,proposal_available_teacher_edge_reachability_unavailable,50,50,50,0,0,True,True,False,False,,negative_not_applicable
train,formation_split-50v50-v1,50t50r,20025,formation_split_50v50-s20025-790ae870a518-r4dcb163981ae,1,1.0,negative,proposal_available_teacher_edge_reachability_unavailable,50,50,50,0,0,True,True,False,False,,negative_not_applicable
train,formation_split-50v50-v1,50t50r,20025,formation_split_50v50-s20025-790ae870a518-r4dcb163981ae,2,2.0,positive,proposal_available_teacher_edge_reachability_unavailable,50,50,50,4,16,False,False,False,True,binding_change_limit_exceeded,candidate_selection_mismatch_non_ood
validation,formation_split-50v50-v1,50t50r,20026,formation_split_50v50-s20026-bd98035c848e-r4dcb163981ae,0,0.75,negative,proposal_available_teacher_edge_reachability_unavailable,49,50,49,0,0,True,True,False,False,,negative_not_applicable
validation,formation_split-50v50-v1,50t50r,20026,formation_split_50v50-s20026-bd98035c848e-r4dcb163981ae,1,1.0,positive,proposal_available_teacher_edge_reachability_unavailable,50,50,50,4,0,True,True,False,False,,teacher_exact_match
validation,formation_split-50v50-v1,50t50r,20026,formation_split_50v50-s20026-bd98035c848e-r4dcb163981ae,2,2.0,positive,proposal_available_teacher_edge_reachability_unavailable,50,50,50,4,24,False,False,False,True,binding_change_limit_exceeded,candidate_selection_mismatch_non_ood
validation,formation_split-50v50-v1,50t50r,20027,formation_split_50v50-s20027-49e325c76fdd-r4dcb163981ae,0,0.75,negative,proposal_available_teacher_edge_reachability_unavailable,48,50,48,0,0,True,True,False,False,,negative_not_applicable
validation,formation_split-50v50-v1,50t50r,20027,formation_split_50v50-s20027-49e325c76fdd-r4dcb163981ae,1,1.0,negative,proposal_available_teacher_edge_reachability_unavailable,48,50,48,0,0,True,True,False,False,,negative_not_applicable
validation,formation_split-50v50-v1,50t50r,20027,formation_split_50v50-s20027-49e325c76fdd-r4dcb163981ae,2,2.0,positive,proposal_available_teacher_edge_reachability_unavailable,50,50,50,8,50,False,False,False,True,binding_change_limit_exceeded|rule_cost_difference_exceeded|relative_rule_cost_difference_exceeded,candidate_selection_mismatch_non_ood
train,formation_split-50v50-v1,50t50r,20028,formation_split_50v50-s20028-37ec4380e441-r4dcb163981ae,0,0.75,negative,proposal_available_teacher_edge_reachability_unavailable,50,50,50,0,0,True,True,False,False,,negative_not_applicable
train,formation_split-50v50-v1,50t50r,20028,formation_split_50v50-s20028-37ec4380e441-r4dcb163981ae,1,1.0,positive,proposal_available_teacher_edge_reachability_unavailable,51,50,51,4,0,True,True,False,False,,teacher_exact_match
train,formation_split-50v50-v1,50t50r,20028,formation_split_50v50-s20028-37ec4380e441-r4dcb163981ae,2,2.0,positive,proposal_available_teacher_edge_reachability_unavailable,50,50,50,4,28,False,False,False,True,binding_change_limit_exceeded|rule_cost_difference_exceeded,candidate_selection_mismatch_non_ood
validation,formation_split-50v50-v1,50t50r,20029,formation_split_50v50-s20029-a662e11c0201-r4dcb163981ae,0,0.9,negative,proposal_available_teacher_edge_reachability_unavailable,49,50,49,0,0,True,True,False,False,,negative_not_applicable
validation,formation_split-50v50-v1,50t50r,20029,formation_split_50v50-s20029-a662e11c0201-r4dcb163981ae,1,1.0,positive,proposal_available_teacher_edge_reachability_unavailable,50,50,50,4,32,False,False,False,True,binding_change_limit_exceeded|rule_cost_difference_exceeded,candidate_selection_mismatch_non_ood
validation,formation_split-50v50-v1,50t50r,20029,formation_split_50v50-s20029-a662e11c0201-r4dcb163981ae,2,2.0,positive,proposal_available_teacher_edge_reachability_unavailable,50,50,50,6,56,False,False,False,True,binding_change_limit_exceeded|rule_cost_difference_exceeded,candidate_selection_mismatch_non_ood
validation,high_threat_m_to_n-100v100-v1,100t100r,20080,high_threat_m_to_n_100v100-s20080-32a438b864cf-r2d01418f825a,0,0.75,negative,proposal_available_teacher_edge_reachability_unavailable,94,100,94,0,0,True,True,False,False,,negative_not_applicable
validation,high_threat_m_to_n-100v100-v1,100t100r,20080,high_threat_m_to_n_100v100-s20080-32a438b864cf-r2d01418f825a,1,1.0,positive,proposal_available_teacher_edge_reachability_unavailable,100,100,100,4,104,False,False,False,True,binding_change_limit_exceeded|rule_cost_difference_exceeded,candidate_selection_mismatch_non_ood
validation,high_threat_m_to_n-100v100-v1,100t100r,20080,high_threat_m_to_n_100v100-s20080-32a438b864cf-r2d01418f825a,2,2.0,positive,proposal_available_teacher_edge_reachability_unavailable,101,100,101,8,8,False,False,True,True,feature_ood,feature_ood_rule_fallback
test,high_threat_m_to_n-100v100-v1,100t100r,20081,high_threat_m_to_n_100v100-s20081-5197990f37f1-r2d01418f825a,0,0.85,negative,proposal_available_teacher_edge_reachability_unavailable,99,100,99,0,0,True,True,False,False,,negative_not_applicable
test,high_threat_m_to_n-100v100-v1,100t100r,20081,high_threat_m_to_n_100v100-s20081-5197990f37f1-r2d01418f825a,1,1.0,positive,proposal_available_teacher_edge_reachability_unavailable,99,100,99,4,42,False,False,False,True,binding_change_limit_exceeded|rule_cost_difference_exceeded,candidate_selection_mismatch_non_ood
test,high_threat_m_to_n-100v100-v1,100t100r,20081,high_threat_m_to_n_100v100-s20081-5197990f37f1-r2d01418f825a,2,2.0,positive,proposal_available_teacher_edge_reachability_unavailable,101,100,101,8,8,False,False,True,True,feature_ood,feature_ood_rule_fallback
train,high_threat_m_to_n-100v100-v1,100t100r,20082,high_threat_m_to_n_100v100-s20082-17e3d962030f-r2d01418f825a,0,0.75,negative,proposal_available_teacher_edge_reachability_unavailable,97,100,97,0,0,True,True,False,False,,negative_not_applicable
train,high_threat_m_to_n-100v100-v1,100t100r,20082,high_threat_m_to_n_100v100-s20082-17e3d962030f-r2d01418f825a,1,1.0,positive,proposal_available_teacher_edge_reachability_unavailable,100,100,100,6,112,False,False,False,True,binding_change_limit_exceeded|rule_cost_difference_exceeded,candidate_selection_mismatch_non_ood
train,high_threat_m_to_n-100v100-v1,100t100r,20082,high_threat_m_to_n_100v100-s20082-17e3d962030f-r2d01418f825a,2,2.0,positive,proposal_available_teacher_edge_reachability_unavailable,100,100,100,4,4,False,False,True,True,feature_ood,feature_ood_rule_fallback
test,high_threat_m_to_n-100v100-v1,100t100r,20083,high_threat_m_to_n_100v100-s20083-0f5d81b68f4f-r2d01418f825a,0,0.7,negative,proposal_available_teacher_edge_reachability_unavailable,98,100,98,0,0,True,True,False,False,,negative_not_applicable
test,high_threat_m_to_n-100v100-v1,100t100r,20083,high_threat_m_to_n_100v100-s20083-0f5d81b68f4f-r2d01418f825a,1,1.0,positive,proposal_available_teacher_edge_reachability_unavailable,101,100,101,4,96,False,False,False,True,binding_change_limit_exceeded|rule_cost_difference_exceeded,candidate_selection_mismatch_non_ood
test,high_threat_m_to_n-100v100-v1,100t100r,20083,high_threat_m_to_n_100v100-s20083-0f5d81b68f4f-r2d01418f825a,2,2.0,positive,proposal_available_teacher_edge_reachability_unavailable,100,100,100,4,4,False,False,True,True,feature_ood,feature_ood_rule_fallback
train,high_threat_m_to_n-100v100-v1,100t100r,20084,high_threat_m_to_n_100v100-s20084-972322ea1814-r2d01418f825a,0,0.75,negative,proposal_available_teacher_edge_reachability_unavailable,97,100,97,0,0,True,True,False,False,,negative_not_applicable
train,high_threat_m_to_n-100v100-v1,100t100r,20084,high_threat_m_to_n_100v100-s20084-972322ea1814-r2d01418f825a,1,1.0,positive,proposal_available_teacher_edge_reachability_unavailable,98,100,98,4,20,False,False,False,True,binding_change_limit_exceeded,candidate_selection_mismatch_non_ood
train,high_threat_m_to_n-100v100-v1,100t100r,20084,high_threat_m_to_n_100v100-s20084-972322ea1814-r2d01418f825a,2,2.0,positive,proposal_available_teacher_edge_reachability_unavailable,101,100,101,4,4,False,False,True,True,feature_ood,feature_ood_rule_fallback
test,high_threat_m_to_n-100v100-v1,100t100r,20085,high_threat_m_to_n_100v100-s20085-6860996265d5-r2d01418f825a,0,0.75,negative,proposal_available_teacher_edge_reachability_unavailable,100,100,100,0,0,True,True,False,False,,negative_not_applicable
test,high_threat_m_to_n-100v100-v1,100t100r,20085,high_threat_m_to_n_100v100-s20085-6860996265d5-r2d01418f825a,1,1.0,positive,proposal_available_teacher_edge_reachability_unavailable,100,100,100,6,108,False,False,False,True,binding_change_limit_exceeded|rule_cost_difference_exceeded,candidate_selection_mismatch_non_ood
test,high_threat_m_to_n-100v100-v1,100t100r,20085,high_threat_m_to_n_100v100-s20085-6860996265d5-r2d01418f825a,2,2.0,positive,proposal_available_teacher_edge_reachability_unavailable,100,100,100,4,150,False,False,False,True,binding_change_limit_exceeded|rule_cost_difference_exceeded,candidate_selection_mismatch_non_ood
train,high_threat_m_to_n-100v100-v1,100t100r,20086,high_threat_m_to_n_100v100-s20086-138365307907-r2d01418f825a,0,0.75,negative,proposal_available_teacher_edge_reachability_unavailable,98,100,98,0,0,True,True,False,False,,negative_not_applicable
train,high_threat_m_to_n-100v100-v1,100t100r,20086,high_threat_m_to_n_100v100-s20086-138365307907-r2d01418f825a,1,1.0,positive,proposal_available_teacher_edge_reachability_unavailable,100,100,100,4,54,False,False,False,True,binding_change_limit_exceeded,candidate_selection_mismatch_non_ood
train,high_threat_m_to_n-100v100-v1,100t100r,20086,high_threat_m_to_n_100v100-s20086-138365307907-r2d01418f825a,2,2.0,positive,proposal_available_teacher_edge_reachability_unavailable,100,100,100,8,130,False,False,False,True,binding_change_limit_exceeded|rule_cost_difference_exceeded,candidate_selection_mismatch_non_ood
validation,high_threat_m_to_n-100v100-v1,100t100r,20087,high_threat_m_to_n_100v100-s20087-86293debb948-r2d01418f825a,0,0.85,negative,proposal_available_teacher_edge_reachability_unavailable,99,100,99,0,0,True,True,False,False,,negative_not_applicable
validation,high_threat_m_to_n-100v100-v1,100t100r,20087,high_threat_m_to_n_100v100-s20087-86293debb948-r2d01418f825a,1,1.0,positive,proposal_available_teacher_edge_reachability_unavailable,100,100,100,4,64,False,False,False,True,binding_change_limit_exceeded|rule_cost_difference_exceeded,candidate_selection_mismatch_non_ood
validation,high_threat_m_to_n-100v100-v1,100t100r,20087,high_threat_m_to_n_100v100-s20087-86293debb948-r2d01418f825a,2,2.0,positive,proposal_available_teacher_edge_reachability_unavailable,100,100,100,4,134,False,False,False,True,binding_change_limit_exceeded|rule_cost_difference_exceeded,candidate_selection_mismatch_non_ood
train,high_threat_m_to_n-100v100-v1,100t100r,20088,high_threat_m_to_n_100v100-s20088-99695684c5e7-r2d01418f825a,0,0.75,negative,proposal_available_teacher_edge_reachability_unavailable,99,100,99,0,0,True,True,False,False,,negative_not_applicable
train,high_threat_m_to_n-100v100-v1,100t100r,20088,high_threat_m_to_n_100v100-s20088-99695684c5e7-r2d01418f825a,1,1.0,positive,proposal_available_teacher_edge_reachability_unavailable,100,100,100,4,98,False,False,False,True,binding_change_limit_exceeded|rule_cost_difference_exceeded,candidate_selection_mismatch_non_ood
train,high_threat_m_to_n-100v100-v1,100t100r,20088,high_threat_m_to_n_100v100-s20088-99695684c5e7-r2d01418f825a,2,2.0,positive,proposal_available_teacher_edge_reachability_unavailable,100,100,100,8,130,False,False,False,True,binding_change_limit_exceeded|rule_cost_difference_exceeded,candidate_selection_mismatch_non_ood
train,high_threat_m_to_n-100v100-v1,100t100r,20089,high_threat_m_to_n_100v100-s20089-a41f0d8ab565-r2d01418f825a,0,0.75,negative,proposal_available_teacher_edge_reachability_unavailable,99,100,99,0,0,True,True,False,False,,negative_not_applicable
train,high_threat_m_to_n-100v100-v1,100t100r,20089,high_threat_m_to_n_100v100-s20089-a41f0d8ab565-r2d01418f825a,1,1.0,positive,proposal_available_teacher_edge_reachability_unavailable,99,100,99,4,108,False,False,False,True,binding_change_limit_exceeded|rule_cost_difference_exceeded,candidate_selection_mismatch_non_ood
train,high_threat_m_to_n-100v100-v1,100t100r,20089,high_threat_m_to_n_100v100-s20089-a41f0d8ab565-r2d01418f825a,2,2.0,positive,proposal_available_teacher_edge_reachability_unavailable,101,100,101,6,6,False,False,True,True,feature_ood,feature_ood_rule_fallback
test,high_threat_m_to_n-200v200-v1,200t200r,20090,high_threat_m_to_n_200v200-s20090-3874f6903990-r61bb88a65f68,0,0.75,negative,proposal_available_teacher_edge_reachability_unavailable,195,200,195,0,0,True,True,False,False,,negative_not_applicable
test,high_threat_m_to_n-200v200-v1,200t200r,20090,high_threat_m_to_n_200v200-s20090-3874f6903990-r61bb88a65f68,1,1.0,positive,proposal_available_teacher_edge_reachability_unavailable,200,200,200,6,258,False,False,False,True,binding_change_limit_exceeded|rule_cost_difference_exceeded,candidate_selection_mismatch_non_ood
test,high_threat_m_to_n-200v200-v1,200t200r,20090,high_threat_m_to_n_200v200-s20090-3874f6903990-r61bb88a65f68,2,2.0,positive,proposal_available_teacher_edge_reachability_unavailable,200,200,200,8,8,False,False,True,True,feature_ood,feature_ood_rule_fallback
test,high_threat_m_to_n-200v200-v1,200t200r,20091,high_threat_m_to_n_200v200-s20091-61d639753511-r61bb88a65f68,0,0.75,negative,proposal_available_teacher_edge_reachability_unavailable,191,200,191,0,0,True,True,False,False,,negative_not_applicable
test,high_threat_m_to_n-200v200-v1,200t200r,20091,high_threat_m_to_n_200v200-s20091-61d639753511-r61bb88a65f68,1,1.0,positive,proposal_available_teacher_edge_reachability_unavailable,201,200,201,4,4,False,False,True,True,feature_ood,feature_ood_rule_fallback
test,high_threat_m_to_n-200v200-v1,200t200r,20091,high_threat_m_to_n_200v200-s20091-61d639753511-r61bb88a65f68,2,2.0,positive,proposal_available_teacher_edge_reachability_unavailable,200,200,200,4,4,False,False,True,True,feature_ood,feature_ood_rule_fallback
train,high_threat_m_to_n-200v200-v1,200t200r,20092,high_threat_m_to_n_200v200-s20092-8a35721ca542-r61bb88a65f68,0,0.75,negative,proposal_available_teacher_edge_reachability_unavailable,197,200,197,0,0,True,True,False,False,,negative_not_applicable
train,high_threat_m_to_n-200v200-v1,200t200r,20092,high_threat_m_to_n_200v200-s20092-8a35721ca542-r61bb88a65f68,1,1.0,positive,proposal_available_teacher_edge_reachability_unavailable,200,200,200,4,266,False,False,False,True,binding_change_limit_exceeded|rule_cost_difference_exceeded,candidate_selection_mismatch_non_ood
train,high_threat_m_to_n-200v200-v1,200t200r,20092,high_threat_m_to_n_200v200-s20092-8a35721ca542-r61bb88a65f68,2,2.0,positive,proposal_available_teacher_edge_reachability_unavailable,200,200,200,6,6,False,False,True,True,feature_ood,feature_ood_rule_fallback
train,high_threat_m_to_n-200v200-v1,200t200r,20093,high_threat_m_to_n_200v200-s20093-6b9ae8893fac-r61bb88a65f68,0,0.75,negative,proposal_available_teacher_edge_reachability_unavailable,198,200,198,0,0,True,True,False,False,,negative_not_applicable
train,high_threat_m_to_n-200v200-v1,200t200r,20093,high_threat_m_to_n_200v200-s20093-6b9ae8893fac-r61bb88a65f68,1,1.0,positive,proposal_available_teacher_edge_reachability_unavailable,202,200,202,6,212,False,False,False,True,binding_change_limit_exceeded|rule_cost_difference_exceeded,candidate_selection_mismatch_non_ood
train,high_threat_m_to_n-200v200-v1,200t200r,20093,high_threat_m_to_n_200v200-s20093-6b9ae8893fac-r61bb88a65f68,2,2.0,positive,proposal_available_teacher_edge_reachability_unavailable,200,200,200,8,8,False,False,True,True,feature_ood,feature_ood_rule_fallback
train,high_threat_m_to_n-200v200-v1,200t200r,20094,high_threat_m_to_n_200v200-s20094-577974fcf76b-r61bb88a65f68,0,0.75,negative,proposal_available_teacher_edge_reachability_unavailable,196,200,196,0,0,True,True,False,False,,negative_not_applicable
train,high_threat_m_to_n-200v200-v1,200t200r,20094,high_threat_m_to_n_200v200-s20094-577974fcf76b-r61bb88a65f68,1,1.0,positive,proposal_available_teacher_edge_reachability_unavailable,201,200,201,6,244,False,False,False,True,binding_change_limit_exceeded|rule_cost_difference_exceeded,candidate_selection_mismatch_non_ood
train,high_threat_m_to_n-200v200-v1,200t200r,20094,high_threat_m_to_n_200v200-s20094-577974fcf76b-r61bb88a65f68,2,2.0,positive,proposal_available_teacher_edge_reachability_unavailable,200,200,200,6,6,False,False,True,True,feature_ood,feature_ood_rule_fallback
train,high_threat_m_to_n-200v200-v1,200t200r,20095,high_threat_m_to_n_200v200-s20095-9f56690b092d-r61bb88a65f68,0,0.7,negative,proposal_available_teacher_edge_reachability_unavailable,197,200,197,0,0,True,True,False,False,,negative_not_applicable
train,high_threat_m_to_n-200v200-v1,200t200r,20095,high_threat_m_to_n_200v200-s20095-9f56690b092d-r61bb88a65f68,1,1.0,positive,proposal_available_teacher_edge_reachability_unavailable,203,200,203,8,222,False,False,False,True,binding_change_limit_exceeded|rule_cost_difference_exceeded,candidate_selection_mismatch_non_ood
train,high_threat_m_to_n-200v200-v1,200t200r,20095,high_threat_m_to_n_200v200-s20095-9f56690b092d-r61bb88a65f68,2,2.0,positive,proposal_available_teacher_edge_reachability_unavailable,202,200,202,6,6,False,False,True,True,feature_ood,feature_ood_rule_fallback
train,high_threat_m_to_n-200v200-v1,200t200r,20096,high_threat_m_to_n_200v200-s20096-b5561e93ef67-r61bb88a65f68,0,0.75,negative,proposal_available_teacher_edge_reachability_unavailable,199,200,199,0,0,True,True,False,False,,negative_not_applicable
train,high_threat_m_to_n-200v200-v1,200t200r,20096,high_threat_m_to_n_200v200-s20096-b5561e93ef67-r61bb88a65f68,1,1.0,positive,proposal_available_teacher_edge_reachability_unavailable,202,200,202,4,250,False,False,False,True,binding_change_limit_exceeded|rule_cost_difference_exceeded,candidate_selection_mismatch_non_ood
train,high_threat_m_to_n-200v200-v1,200t200r,20096,high_threat_m_to_n_200v200-s20096-b5561e93ef67-r61bb88a65f68,2,2.0,positive,proposal_available_teacher_edge_reachability_unavailable,200,200,200,4,4,False,False,True,True,feature_ood,feature_ood_rule_fallback
train,high_threat_m_to_n-200v200-v1,200t200r,20097,high_threat_m_to_n_200v200-s20097-d0fe3857d127-r61bb88a65f68,0,0.75,negative,proposal_available_teacher_edge_reachability_unavailable,198,200,198,0,0,True,True,False,False,,negative_not_applicable
train,high_threat_m_to_n-200v200-v1,200t200r,20097,high_threat_m_to_n_200v200-s20097-d0fe3857d127-r61bb88a65f68,1,1.0,positive,proposal_available_teacher_edge_reachability_unavailable,204,200,204,6,272,False,False,False,True,binding_change_limit_exceeded|rule_cost_difference_exceeded,candidate_selection_mismatch_non_ood
train,high_threat_m_to_n-200v200-v1,200t200r,20097,high_threat_m_to_n_200v200-s20097-d0fe3857d127-r61bb88a65f68,2,2.0,positive,proposal_available_teacher_edge_reachability_unavailable,200,200,200,4,4,False,False,True,True,feature_ood,feature_ood_rule_fallback
test,high_threat_m_to_n-200v200-v1,200t200r,20098,high_threat_m_to_n_200v200-s20098-4390c34335d7-r61bb88a65f68,0,0.75,negative,proposal_available_teacher_edge_reachability_unavailable,195,200,195,0,0,True,True,False,False,,negative_not_applicable
test,high_threat_m_to_n-200v200-v1,200t200r,20098,high_threat_m_to_n_200v200-s20098-4390c34335d7-r61bb88a65f68,1,1.0,positive,proposal_available_teacher_edge_reachability_unavailable,201,200,201,6,258,False,False,False,True,binding_change_limit_exceeded|rule_cost_difference_exceeded,candidate_selection_mismatch_non_ood
test,high_threat_m_to_n-200v200-v1,200t200r,20098,high_threat_m_to_n_200v200-s20098-4390c34335d7-r61bb88a65f68,2,2.0,positive,proposal_available_teacher_edge_reachability_unavailable,200,200,200,6,6,False,False,True,True,feature_ood,feature_ood_rule_fallback
validation,high_threat_m_to_n-200v200-v1,200t200r,20099,high_threat_m_to_n_200v200-s20099-3a643b3c449d-r61bb88a65f68,0,0.75,negative,proposal_available_teacher_edge_reachability_unavailable,199,200,199,0,0,True,True,False,False,,negative_not_applicable
validation,high_threat_m_to_n-200v200-v1,200t200r,20099,high_threat_m_to_n_200v200-s20099-3a643b3c449d-r61bb88a65f68,1,1.0,positive,proposal_available_teacher_edge_reachability_unavailable,201,200,201,4,218,False,False,False,True,binding_change_limit_exceeded|rule_cost_difference_exceeded,candidate_selection_mismatch_non_ood
validation,high_threat_m_to_n-200v200-v1,200t200r,20099,high_threat_m_to_n_200v200-s20099-3a643b3c449d-r61bb88a65f68,2,2.0,positive,proposal_available_teacher_edge_reachability_unavailable,200,200,200,8,8,False,False,True,True,feature_ood,feature_ood_rule_fallback
test,nominal-5v5-v1,5t5r,20000,nominal_5v5-s20000-3bc4ca4d7d95-r4dcb163981ae,0,0.85,negative,proposal_available_teacher_edge_reachability_unavailable,5,5,5,0,0,True,True,False,False,,negative_not_applicable
test,nominal-5v5-v1,5t5r,20000,nominal_5v5-s20000-3bc4ca4d7d95-r4dcb163981ae,1,1.0,negative,proposal_available_teacher_edge_reachability_unavailable,5,5,5,0,0,True,True,False,False,,negative_not_applicable
test,nominal-5v5-v1,5t5r,20000,nominal_5v5-s20000-3bc4ca4d7d95-r4dcb163981ae,2,2.0,negative,proposal_available_teacher_edge_reachability_unavailable,5,5,5,0,0,True,True,False,False,,negative_not_applicable
train,nominal-5v5-v1,5t5r,20001,nominal_5v5-s20001-7af4a5310c81-r4dcb163981ae,0,0.85,negative,proposal_available_teacher_edge_reachability_unavailable,5,5,5,0,0,True,True,False,False,,negative_not_applicable
train,nominal-5v5-v1,5t5r,20001,nominal_5v5-s20001-7af4a5310c81-r4dcb163981ae,1,1.0,negative,proposal_available_teacher_edge_reachability_unavailable,5,5,5,0,0,True,True,False,False,,negative_not_applicable
train,nominal-5v5-v1,5t5r,20001,nominal_5v5-s20001-7af4a5310c81-r4dcb163981ae,2,2.0,negative,proposal_available_teacher_edge_reachability_unavailable,5,5,5,0,0,True,True,False,False,,negative_not_applicable
train,nominal-5v5-v1,5t5r,20002,nominal_5v5-s20002-0ad8a87a9364-r4dcb163981ae,0,0.85,negative,proposal_available_teacher_edge_reachability_unavailable,5,5,5,0,0,True,True,False,False,,negative_not_applicable
train,nominal-5v5-v1,5t5r,20002,nominal_5v5-s20002-0ad8a87a9364-r4dcb163981ae,1,1.0,negative,proposal_available_teacher_edge_reachability_unavailable,5,5,5,0,0,True,True,False,False,,negative_not_applicable
train,nominal-5v5-v1,5t5r,20002,nominal_5v5-s20002-0ad8a87a9364-r4dcb163981ae,2,2.0,positive,proposal_available_teacher_edge_reachability_unavailable,5,5,5,4,4,False,False,False,False,,candidate_selection_mismatch_non_ood
train,nominal-5v5-v1,5t5r,20003,nominal_5v5-s20003-3fcaecff4fbc-r4dcb163981ae,0,0.85,negative,proposal_available_teacher_edge_reachability_unavailable,5,5,5,0,0,True,True,False,False,,negative_not_applicable
train,nominal-5v5-v1,5t5r,20003,nominal_5v5-s20003-3fcaecff4fbc-r4dcb163981ae,1,1.0,negative,proposal_available_teacher_edge_reachability_unavailable,5,5,5,0,0,True,True,False,False,,negative_not_applicable
train,nominal-5v5-v1,5t5r,20003,nominal_5v5-s20003-3fcaecff4fbc-r4dcb163981ae,2,2.0,negative,proposal_available_teacher_edge_reachability_unavailable,5,5,5,0,0,True,True,False,False,,negative_not_applicable
test,nominal-5v5-v1,5t5r,20004,nominal_5v5-s20004-fb5642d2ad2b-r4dcb163981ae,0,0.9,negative,proposal_available_teacher_edge_reachability_unavailable,5,5,5,0,0,True,True,False,False,,negative_not_applicable
test,nominal-5v5-v1,5t5r,20004,nominal_5v5-s20004-fb5642d2ad2b-r4dcb163981ae,1,1.0,negative,proposal_available_teacher_edge_reachability_unavailable,5,5,5,0,0,True,True,False,False,,negative_not_applicable
test,nominal-5v5-v1,5t5r,20004,nominal_5v5-s20004-fb5642d2ad2b-r4dcb163981ae,2,2.0,negative,proposal_available_teacher_edge_reachability_unavailable,5,5,5,0,0,True,True,False,False,,negative_not_applicable
validation,nominal-5v5-v1,5t5r,20005,nominal_5v5-s20005-9f113fcb66e5-r4dcb163981ae,0,0.85,negative,proposal_available_teacher_edge_reachability_unavailable,5,5,5,0,0,True,True,False,False,,negative_not_applicable
validation,nominal-5v5-v1,5t5r,20005,nominal_5v5-s20005-9f113fcb66e5-r4dcb163981ae,1,1.0,negative,proposal_available_teacher_edge_reachability_unavailable,5,5,5,0,0,True,True,False,False,,negative_not_applicable
validation,nominal-5v5-v1,5t5r,20005,nominal_5v5-s20005-9f113fcb66e5-r4dcb163981ae,2,2.0,negative,proposal_available_teacher_edge_reachability_unavailable,5,5,5,0,0,True,True,False,False,,negative_not_applicable
train,nominal-5v5-v1,5t5r,20006,nominal_5v5-s20006-344711b11f78-r4dcb163981ae,0,0.85,negative,proposal_available_teacher_edge_reachability_unavailable,4,5,4,0,0,True,True,False,False,,negative_not_applicable
train,nominal-5v5-v1,5t5r,20006,nominal_5v5-s20006-344711b11f78-r4dcb163981ae,1,1.0,negative,proposal_available_teacher_edge_reachability_unavailable,4,5,4,0,0,True,True,False,False,,negative_not_applicable
train,nominal-5v5-v1,5t5r,20006,nominal_5v5-s20006-344711b11f78-r4dcb163981ae,2,2.0,negative,proposal_available_teacher_edge_reachability_unavailable,5,5,5,0,0,True,True,False,False,,negative_not_applicable
train,nominal-5v5-v1,5t5r,20007,nominal_5v5-s20007-2e0f15eaa0a9-r4dcb163981ae,0,0.85,negative,proposal_available_teacher_edge_reachability_unavailable,5,5,5,0,0,True,True,False,False,,negative_not_applicable
train,nominal-5v5-v1,5t5r,20007,nominal_5v5-s20007-2e0f15eaa0a9-r4dcb163981ae,1,1.0,negative,proposal_available_teacher_edge_reachability_unavailable,5,5,5,0,0,True,True,False,False,,negative_not_applicable
train,nominal-5v5-v1,5t5r,20007,nominal_5v5-s20007-2e0f15eaa0a9-r4dcb163981ae,2,2.0,negative,proposal_available_teacher_edge_reachability_unavailable,5,5,5,0,0,True,True,False,False,,negative_not_applicable
train,nominal-5v5-v1,5t5r,20008,nominal_5v5-s20008-147ed2a04d20-r4dcb163981ae,0,0.85,negative,proposal_available_teacher_edge_reachability_unavailable,5,5,5,0,0,True,True,False,False,,negative_not_applicable
train,nominal-5v5-v1,5t5r,20008,nominal_5v5-s20008-147ed2a04d20-r4dcb163981ae,1,1.0,negative,proposal_available_teacher_edge_reachability_unavailable,5,5,5,0,0,True,True,False,False,,negative_not_applicable
train,nominal-5v5-v1,5t5r,20008,nominal_5v5-s20008-147ed2a04d20-r4dcb163981ae,2,2.0,negative,proposal_available_teacher_edge_reachability_unavailable,5,5,5,0,0,True,True,False,False,,negative_not_applicable
train,nominal-5v5-v1,5t5r,20009,nominal_5v5-s20009-70d6d4c0cc04-r4dcb163981ae,0,0.85,negative,proposal_available_teacher_edge_reachability_unavailable,5,5,5,0,0,True,True,False,False,,negative_not_applicable
train,nominal-5v5-v1,5t5r,20009,nominal_5v5-s20009-70d6d4c0cc04-r4dcb163981ae,1,1.0,negative,proposal_available_teacher_edge_reachability_unavailable,5,5,5,0,0,True,True,False,False,,negative_not_applicable
train,nominal-5v5-v1,5t5r,20009,nominal_5v5-s20009-70d6d4c0cc04-r4dcb163981ae,2,2.0,negative,proposal_available_teacher_edge_reachability_unavailable,5,5,5,0,0,True,True,False,False,,negative_not_applicable
train,secondary_failure-50v50-v1,50t50r,20070,secondary_failure_50v50-s20070-8b240ade22c6-r4dcb163981ae,0,0.75,negative,proposal_available_teacher_edge_reachability_unavailable,48,50,48,0,0,True,True,False,False,,negative_not_applicable
train,secondary_failure-50v50-v1,50t50r,20070,secondary_failure_50v50-s20070-8b240ade22c6-r4dcb163981ae,1,1.0,negative,proposal_available_teacher_edge_reachability_unavailable,48,50,48,0,0,True,True,False,False,,negative_not_applicable
train,secondary_failure-50v50-v1,50t50r,20070,secondary_failure_50v50-s20070-8b240ade22c6-r4dcb163981ae,2,2.0,negative,proposal_available_teacher_edge_reachability_unavailable,48,50,48,0,0,True,True,False,False,,negative_not_applicable
train,secondary_failure-50v50-v1,50t50r,20071,secondary_failure_50v50-s20071-24ca96c709a5-r4dcb163981ae,0,0.85,negative,proposal_available_teacher_edge_reachability_unavailable,48,50,48,0,0,True,True,False,False,,negative_not_applicable
train,secondary_failure-50v50-v1,50t50r,20071,secondary_failure_50v50-s20071-24ca96c709a5-r4dcb163981ae,1,1.0,negative,proposal_available_teacher_edge_reachability_unavailable,48,50,48,0,0,True,True,False,False,,negative_not_applicable
train,secondary_failure-50v50-v1,50t50r,20071,secondary_failure_50v50-s20071-24ca96c709a5-r4dcb163981ae,2,2.0,negative,proposal_available_teacher_edge_reachability_unavailable,48,50,48,0,0,True,True,False,False,,negative_not_applicable
train,secondary_failure-50v50-v1,50t50r,20072,secondary_failure_50v50-s20072-47306db047b3-r4dcb163981ae,0,0.85,negative,proposal_available_teacher_edge_reachability_unavailable,50,50,50,0,0,True,True,False,False,,negative_not_applicable
train,secondary_failure-50v50-v1,50t50r,20072,secondary_failure_50v50-s20072-47306db047b3-r4dcb163981ae,1,1.0,negative,proposal_available_teacher_edge_reachability_unavailable,50,50,50,0,0,True,True,False,False,,negative_not_applicable
train,secondary_failure-50v50-v1,50t50r,20072,secondary_failure_50v50-s20072-47306db047b3-r4dcb163981ae,2,2.0,negative,proposal_available_teacher_edge_reachability_unavailable,50,50,50,0,0,True,True,False,False,,negative_not_applicable
validation,secondary_failure-50v50-v1,50t50r,20073,secondary_failure_50v50-s20073-a00a4d32f57e-r4dcb163981ae,0,0.85,negative,proposal_available_teacher_edge_reachability_unavailable,49,50,49,0,0,True,True,False,False,,negative_not_applicable
validation,secondary_failure-50v50-v1,50t50r,20073,secondary_failure_50v50-s20073-a00a4d32f57e-r4dcb163981ae,1,1.0,negative,proposal_available_teacher_edge_reachability_unavailable,49,50,49,0,0,True,True,False,False,,negative_not_applicable
validation,secondary_failure-50v50-v1,50t50r,20073,secondary_failure_50v50-s20073-a00a4d32f57e-r4dcb163981ae,2,2.0,negative,proposal_available_teacher_edge_reachability_unavailable,49,50,49,0,0,True,True,False,False,,negative_not_applicable
train,secondary_failure-50v50-v1,50t50r,20074,secondary_failure_50v50-s20074-6db9b9a2dc19-r4dcb163981ae,0,0.85,negative,proposal_available_teacher_edge_reachability_unavailable,49,50,49,0,0,True,True,False,False,,negative_not_applicable
train,secondary_failure-50v50-v1,50t50r,20074,secondary_failure_50v50-s20074-6db9b9a2dc19-r4dcb163981ae,1,1.0,negative,proposal_available_teacher_edge_reachability_unavailable,49,50,49,0,0,True,True,False,False,,negative_not_applicable
train,secondary_failure-50v50-v1,50t50r,20074,secondary_failure_50v50-s20074-6db9b9a2dc19-r4dcb163981ae,2,2.0,negative,proposal_available_teacher_edge_reachability_unavailable,49,50,49,0,0,True,True,False,False,,negative_not_applicable
train,secondary_failure-50v50-v1,50t50r,20075,secondary_failure_50v50-s20075-f32648f60cfd-r4dcb163981ae,0,0.75,negative,proposal_available_teacher_edge_reachability_unavailable,48,50,48,0,0,True,True,False,False,,negative_not_applicable
train,secondary_failure-50v50-v1,50t50r,20075,secondary_failure_50v50-s20075-f32648f60cfd-r4dcb163981ae,1,1.0,negative,proposal_available_teacher_edge_reachability_unavailable,48,50,48,0,0,True,True,False,False,,negative_not_applicable
train,secondary_failure-50v50-v1,50t50r,20075,secondary_failure_50v50-s20075-f32648f60cfd-r4dcb163981ae,2,2.0,negative,proposal_available_teacher_edge_reachability_unavailable,48,50,48,0,0,True,True,False,False,,negative_not_applicable
train,secondary_failure-50v50-v1,50t50r,20076,secondary_failure_50v50-s20076-bc1ad64ec9ef-r4dcb163981ae,0,0.9,negative,proposal_available_teacher_edge_reachability_unavailable,50,50,50,0,0,True,True,False,False,,negative_not_applicable
train,secondary_failure-50v50-v1,50t50r,20076,secondary_failure_50v50-s20076-bc1ad64ec9ef-r4dcb163981ae,1,1.0,negative,proposal_available_teacher_edge_reachability_unavailable,50,50,50,0,0,True,True,False,False,,negative_not_applicable
train,secondary_failure-50v50-v1,50t50r,20076,secondary_failure_50v50-s20076-bc1ad64ec9ef-r4dcb163981ae,2,2.0,negative,proposal_available_teacher_edge_reachability_unavailable,50,50,50,0,0,True,True,False,False,,negative_not_applicable
train,secondary_failure-50v50-v1,50t50r,20077,secondary_failure_50v50-s20077-cc566fa69cd3-r4dcb163981ae,0,0.75,negative,proposal_available_teacher_edge_reachability_unavailable,50,50,50,0,0,True,True,False,False,,negative_not_applicable
train,secondary_failure-50v50-v1,50t50r,20077,secondary_failure_50v50-s20077-cc566fa69cd3-r4dcb163981ae,1,1.0,negative,proposal_available_teacher_edge_reachability_unavailable,50,50,50,0,0,True,True,False,False,,negative_not_applicable
train,secondary_failure-50v50-v1,50t50r,20077,secondary_failure_50v50-s20077-cc566fa69cd3-r4dcb163981ae,2,2.0,negative,proposal_available_teacher_edge_reachability_unavailable,50,50,50,0,0,True,True,False,False,,negative_not_applicable
test,secondary_failure-50v50-v1,50t50r,20078,secondary_failure_50v50-s20078-deb3cae9c96f-r4dcb163981ae,0,0.9,negative,proposal_available_teacher_edge_reachability_unavailable,49,50,49,0,0,True,True,False,False,,negative_not_applicable
test,secondary_failure-50v50-v1,50t50r,20078,secondary_failure_50v50-s20078-deb3cae9c96f-r4dcb163981ae,1,1.0,negative,proposal_available_teacher_edge_reachability_unavailable,49,50,49,0,0,True,True,False,False,,negative_not_applicable
test,secondary_failure-50v50-v1,50t50r,20078,secondary_failure_50v50-s20078-deb3cae9c96f-r4dcb163981ae,2,2.0,negative,proposal_available_teacher_edge_reachability_unavailable,49,50,49,0,0,True,True,False,False,,negative_not_applicable
train,secondary_failure-50v50-v1,50t50r,20079,secondary_failure_50v50-s20079-ed72a7d30172-r4dcb163981ae,0,0.85,negative,proposal_available_teacher_edge_reachability_unavailable,50,50,50,0,0,True,True,False,False,,negative_not_applicable
train,secondary_failure-50v50-v1,50t50r,20079,secondary_failure_50v50-s20079-ed72a7d30172-r4dcb163981ae,1,1.0,negative,proposal_available_teacher_edge_reachability_unavailable,50,50,50,0,0,True,True,False,False,,negative_not_applicable
train,secondary_failure-50v50-v1,50t50r,20079,secondary_failure_50v50-s20079-ed72a7d30172-r4dcb163981ae,2,2.0,negative,proposal_available_teacher_edge_reachability_unavailable,50,50,50,0,0,True,True,False,False,,negative_not_applicable
