case,step,time_s,version,total_cost,candidate_total_cost,previous_total_cost_current,assignment_count,unassigned_count,high_threat_count,unassigned_high_threat_count,reassignment_event,changed_edges,runtime_ms,decision_state
no_hysteresis,0,0.0,1,15.702118957711185,15.702118957711185,-1.0,7,1,3,0,0,0,0.22623100085183978,accepted
no_hysteresis,1,0.5,2,16.05213049573045,16.05213049573045,-1.0,7,1,3,0,1,4,0.18468399866833352,accepted_no_hysteresis
no_hysteresis,2,1.0,3,16.037365412762142,16.037365412762142,-1.0,7,1,3,0,0,0,0.16601999959675595,accepted_no_hysteresis
no_hysteresis,3,1.5,4,16.020694284957962,16.020694284957962,-1.0,7,1,3,0,1,2,0.16431000040029176,accepted_no_hysteresis
no_hysteresis,4,2.0,5,16.00020102513255,16.00020102513255,-1.0,7,1,3,0,0,0,0.16487299944856204,accepted_no_hysteresis
no_hysteresis,5,2.5,6,15.98464472437977,15.98464472437977,-1.0,7,1,3,0,0,0,0.158353999722749,accepted_no_hysteresis
no_hysteresis,6,3.0,7,15.971072651421773,15.971072651421773,-1.0,7,1,3,0,0,0,0.15753800107631832,accepted_no_hysteresis
no_hysteresis,7,3.5,8,15.95792187937514,15.95792187937514,-1.0,7,1,3,0,0,0,0.1629289981792681,accepted_no_hysteresis
no_hysteresis,8,4.0,9,15.95476037171313,15.95476037171313,-1.0,7,1,3,0,0,0,0.16055100059020333,accepted_no_hysteresis
no_hysteresis,9,4.5,10,15.958984622490606,15.958984622490606,-1.0,7,1,3,0,0,0,0.1550960005261004,accepted_no_hysteresis
no_hysteresis,10,5.0,11,15.965037060317144,15.965037060317144,-1.0,7,1,3,0,0,0,0.1542390018585138,accepted_no_hysteresis
no_hysteresis,11,5.5,12,15.960611232978735,15.960611232978735,-1.0,7,1,3,0,1,4,0.15320200327550992,accepted_no_hysteresis
no_hysteresis,12,6.0,13,15.954644048754547,15.954644048754547,-1.0,7,1,3,0,0,0,0.15337899822043255,accepted_no_hysteresis
no_hysteresis,13,6.5,14,15.950524926925736,15.950524926925736,-1.0,7,1,3,0,0,0,0.14957199891796336,accepted_no_hysteresis
no_hysteresis,14,7.0,15,15.948280817946396,15.948280817946396,-1.0,7,1,3,0,0,0,0.15675000031478703,accepted_no_hysteresis
no_hysteresis,15,7.5,16,15.947934026174497,15.947934026174497,-1.0,7,1,3,0,0,0,0.15515600171056576,accepted_no_hysteresis
no_hysteresis,16,8.0,17,16.540182167304977,16.540182167304977,-1.0,6,2,3,0,1,3,0.14395099788089283,accepted_no_hysteresis
no_hysteresis,17,8.5,18,16.320042079287276,16.320042079287276,-1.0,6,2,3,0,1,2,0.14223499965737574,accepted_no_hysteresis
no_hysteresis,18,9.0,19,16.313999804609892,16.313999804609892,-1.0,6,2,3,0,0,0,0.14483400082099251,accepted_no_hysteresis
no_hysteresis,19,9.5,20,16.30933976057717,16.30933976057717,-1.0,6,2,3,0,0,0,0.14411799929803237,accepted_no_hysteresis
no_hysteresis,20,10.0,21,16.306065589734903,16.306065589734903,-1.0,6,2,3,0,0,0,0.14690999887534417,accepted_no_hysteresis
no_hysteresis,21,10.5,22,16.304177908492253,16.304177908492253,-1.0,6,2,3,0,0,0,0.1469730013923254,accepted_no_hysteresis
no_hysteresis,22,11.0,23,16.30367430289349,16.30367430289349,-1.0,6,2,2,0,0,0,0.14489999739453197,accepted_no_hysteresis
no_hysteresis,23,11.5,24,15.862890861603002,15.862890861603002,-1.0,7,1,2,0,1,2,0.15939800141495652,accepted_no_hysteresis
no_hysteresis,24,12.0,25,15.8786359579497,15.8786359579497,-1.0,7,1,2,0,0,0,0.17618499987293035,accepted_no_hysteresis
no_hysteresis,25,12.5,26,15.895765053337893,15.895765053337893,-1.0,7,1,2,0,0,0,0.16661100016790442,accepted_no_hysteresis
no_hysteresis,26,13.0,27,15.914232395776684,15.914232395776684,-1.0,7,1,2,0,0,0,0.16068499826360494,accepted_no_hysteresis
no_hysteresis,27,13.5,28,15.9339888705059,15.9339888705059,-1.0,7,1,2,0,0,0,0.15743299809400924,accepted_no_hysteresis
no_hysteresis,28,14.0,29,15.95498213251351,15.95498213251351,-1.0,7,1,2,0,0,0,0.18763200205285102,accepted_no_hysteresis
no_hysteresis,29,14.5,30,17.270221523833136,17.270221523833136,-1.0,7,1,2,0,1,4,0.1850139997259248,accepted_no_hysteresis
no_hysteresis,30,15.0,31,17.257407304357244,17.257407304357244,-1.0,6,2,2,0,1,3,0.18178999744122848,accepted_no_hysteresis
no_hysteresis,31,15.5,32,17.234882816022473,17.234882816022473,-1.0,6,2,2,0,0,0,0.1613710010133218,accepted_no_hysteresis
no_hysteresis,32,16.0,33,17.207653040739192,17.207653040739192,-1.0,6,2,2,0,1,2,0.18198199904873036,accepted_no_hysteresis
no_hysteresis,33,16.5,34,17.167652262226255,17.167652262226255,-1.0,6,2,2,0,0,0,0.16972500088741072,accepted_no_hysteresis
no_hysteresis,34,17.0,35,17.130196850014112,17.130196850014112,-1.0,6,2,2,0,0,0,0.15541700122412294,accepted_no_hysteresis
no_hysteresis,35,17.5,36,17.095337714865998,17.095337714865998,-1.0,6,2,2,0,0,0,0.19291499847895466,accepted_no_hysteresis
no_hysteresis,36,18.0,37,17.063121134120312,17.063121134120312,-1.0,6,2,2,0,0,0,0.15671000073780306,accepted_no_hysteresis
no_hysteresis,37,18.5,38,17.03358870448793,17.03358870448793,-1.0,6,2,2,0,0,0,0.16155800039996393,accepted_no_hysteresis
no_hysteresis,38,19.0,39,17.017445664982755,17.017445664982755,-1.0,6,2,2,0,0,0,0.15713899847469293,accepted_no_hysteresis
no_hysteresis,39,19.5,40,17.004963438968964,17.004963438968964,-1.0,6,2,2,0,0,0,0.15600900223944336,accepted_no_hysteresis
no_hysteresis,40,20.0,41,16.995027004693014,16.995027004693014,-1.0,6,2,2,0,0,0,0.1644789990677964,accepted_no_hysteresis
no_hysteresis,41,20.5,42,16.987639428217086,16.987639428217086,-1.0,6,2,2,0,0,0,0.15606899978592992,accepted_no_hysteresis
no_hysteresis,42,21.0,43,16.98279944154834,16.98279944154834,-1.0,6,2,2,0,0,0,0.15614099902450107,accepted_no_hysteresis
no_hysteresis,43,21.5,44,16.980501485717785,16.980501485717785,-1.0,6,2,2,0,0,0,0.16079000124591403,accepted_no_hysteresis
no_hysteresis,44,22.0,45,16.980735762272936,16.980735762272936,-1.0,6,2,2,0,0,0,0.15637999968021177,accepted_no_hysteresis
no_hysteresis,45,22.5,46,16.983488292976354,16.983488292976354,-1.0,6,2,2,0,0,0,0.1615799992578104,accepted_no_hysteresis
no_hysteresis,46,23.0,47,17.25947344981867,17.25947344981867,-1.0,5,3,2,0,1,3,0.14917299995431677,accepted_no_hysteresis
no_hysteresis,47,23.5,48,17.26232458054463,17.26232458054463,-1.0,5,3,2,0,0,0,0.1500430007581599,accepted_no_hysteresis
no_hysteresis,48,24.0,49,17.267647147304178,17.267647147304178,-1.0,5,3,2,0,0,0,0.14804200327489525,accepted_no_hysteresis
no_hysteresis,49,24.5,50,17.275431508023498,17.275431508023498,-1.0,5,3,1,0,0,0,0.14549299885402434,accepted_no_hysteresis
no_hysteresis,50,25.0,51,16.731218915077847,16.731218915077847,-1.0,6,2,1,0,1,4,0.15751699902466498,accepted_no_hysteresis
no_hysteresis,51,25.5,52,16.760103035061128,16.760103035061128,-1.0,6,2,1,0,0,0,0.16206500004045665,accepted_no_hysteresis
no_hysteresis,52,26.0,53,16.789174424639643,16.789174424639643,-1.0,6,2,1,0,0,0,0.1585889986017719,accepted_no_hysteresis
no_hysteresis,53,26.5,54,16.81208698222994,16.81208698222994,-1.0,6,2,1,0,1,2,0.16014599896152504,accepted_no_hysteresis
no_hysteresis,54,27.0,55,16.83435038524215,16.83435038524215,-1.0,6,2,1,0,0,0,0.15449399870703928,accepted_no_hysteresis
no_hysteresis,55,27.5,56,16.85628960050519,16.85628960050519,-1.0,6,2,1,0,0,0,0.16635099746054038,accepted_no_hysteresis
no_hysteresis,56,28.0,57,16.842431818035482,16.842431818035482,-1.0,7,1,1,0,1,4,0.16514199887751602,accepted_no_hysteresis
no_hysteresis,57,28.5,58,16.80925607196188,16.80925607196188,-1.0,7,1,1,0,0,0,0.16288400001940317,accepted_no_hysteresis
no_hysteresis,58,29.0,59,16.776399805332755,16.776399805332755,-1.0,7,1,1,0,0,0,0.16280400086543523,accepted_no_hysteresis
no_hysteresis,59,29.5,60,16.74391005722517,16.74391005722517,-1.0,7,1,1,0,0,0,0.15572999836876988,accepted_no_hysteresis
no_hysteresis,60,30.0,61,16.7118342908265,16.7118342908265,-1.0,7,1,1,0,0,0,0.16047400276875123,accepted_no_hysteresis
no_hysteresis,61,30.5,62,16.68022035159014,16.68022035159014,-1.0,7,1,1,0,0,0,0.1543159996799659,accepted_no_hysteresis
no_hysteresis,62,31.0,63,16.64911642167622,16.64911642167622,-1.0,7,1,1,0,0,0,0.15766000069561414,accepted_no_hysteresis
no_hysteresis,63,31.5,64,16.618570970638853,16.618570970638853,-1.0,7,1,1,0,0,0,0.1546380008221604,accepted_no_hysteresis
no_hysteresis,64,32.0,65,16.595112171736808,16.595112171736808,-1.0,7,1,1,0,0,0,0.15635700037819333,accepted_no_hysteresis
no_hysteresis,65,32.5,66,16.57827529938035,16.57827529938035,-1.0,7,1,1,0,0,0,0.15909499779809266,accepted_no_hysteresis
no_hysteresis,66,33.0,67,16.562253516066797,16.562253516066797,-1.0,7,1,1,0,0,0,0.15747599900350906,accepted_no_hysteresis
no_hysteresis,67,33.5,68,16.547074251900696,16.547074251900696,-1.0,7,1,1,0,0,0,0.16228199820034206,accepted_no_hysteresis
no_hysteresis,68,34.0,69,16.51562747186092,16.51562747186092,-1.0,7,1,1,0,1,2,0.1639990005060099,accepted_no_hysteresis
no_hysteresis,69,34.5,70,16.49135870364241,16.49135870364241,-1.0,7,1,1,0,0,0,0.15279400031431578,accepted_no_hysteresis
no_hysteresis,70,35.0,71,16.469575683144274,16.469575683144274,-1.0,7,1,1,0,0,0,0.15718399663455784,accepted_no_hysteresis
no_hysteresis,71,35.5,72,16.452087510810095,16.452087510810095,-1.0,7,1,1,0,0,0,0.154460001795087,accepted_no_hysteresis
no_hysteresis,72,36.0,73,16.43507441464521,16.43507441464521,-1.0,7,1,1,0,0,0,0.16064800001913682,accepted_no_hysteresis
no_hysteresis,73,36.5,74,16.424437164441315,16.424437164441315,-1.0,7,1,1,0,0,0,0.1573409972479567,accepted_no_hysteresis
no_hysteresis,74,37.0,75,16.41928691474549,16.41928691474549,-1.0,7,1,1,0,0,0,0.153780998516595,accepted_no_hysteresis
no_hysteresis,75,37.5,76,16.41443349302136,16.41443349302136,-1.0,7,1,1,0,0,0,0.15925800107652321,accepted_no_hysteresis
no_hysteresis,76,38.0,77,16.409897645471165,16.409897645471165,-1.0,7,1,1,0,0,0,0.15830000120331533,accepted_no_hysteresis
no_hysteresis,77,38.5,78,16.405700817083822,16.405700817083822,-1.0,7,1,1,0,0,0,0.1540650009701494,accepted_no_hysteresis
no_hysteresis,78,39.0,79,16.40186509259415,16.40186509259415,-1.0,7,1,1,0,0,0,0.15461700240848586,accepted_no_hysteresis
no_hysteresis,79,39.5,80,16.39841313270986,16.39841313270986,-1.0,7,1,1,0,0,0,0.1536189993203152,accepted_no_hysteresis
no_hysteresis,80,40.0,81,16.264363245949497,16.264363245949497,-1.0,7,1,1,0,1,2,0.17446499987272546,accepted_no_hysteresis
no_hysteresis,81,40.5,82,16.276736191234313,16.276736191234313,-1.0,7,1,0,0,0,0,0.16244600192294456,accepted_no_hysteresis
no_hysteresis,82,41.0,83,16.289150539531274,16.289150539531274,-1.0,7,1,0,0,0,0,0.16449599934276193,accepted_no_hysteresis
no_hysteresis,83,41.5,84,16.29397697734943,16.29397697734943,-1.0,7,1,0,0,1,2,0.16591000166954473,accepted_no_hysteresis
no_hysteresis,84,42.0,85,16.296903472175863,16.296903472175863,-1.0,7,1,0,0,0,0,0.16458599930047058,accepted_no_hysteresis
no_hysteresis,85,42.5,86,16.299886264345155,16.299886264345155,-1.0,7,1,0,0,0,0,0.16179500016733073,accepted_no_hysteresis
no_hysteresis,86,43.0,87,16.30649270821787,16.30649270821787,-1.0,7,1,0,0,0,0,0.16729799972381443,accepted_no_hysteresis
no_hysteresis,87,43.5,88,16.315085844591,16.315085844591,-1.0,7,1,0,0,0,0,0.16109399803099222,accepted_no_hysteresis
no_hysteresis,88,44.0,89,16.323308684976165,16.323308684976165,-1.0,7,1,0,0,0,0,0.1655750020290725,accepted_no_hysteresis
no_hysteresis,89,44.5,90,16.331173408170486,16.331173408170486,-1.0,7,1,0,0,0,0,0.15920999794616364,accepted_no_hysteresis
no_hysteresis,90,45.0,91,16.33869359221969,16.33869359221969,-1.0,7,1,0,0,0,0,0.16064100054791197,accepted_no_hysteresis
no_hysteresis,91,45.5,92,16.348036057834978,16.348036057834978,-1.0,7,1,0,0,0,0,0.16064900046330877,accepted_no_hysteresis
no_hysteresis,92,46.0,93,16.360712488030593,16.360712488030593,-1.0,7,1,0,0,0,0,0.1547840001876466,accepted_no_hysteresis
no_hysteresis,93,46.5,94,16.373560163068333,16.373560163068333,-1.0,7,1,0,0,0,0,0.15546999929938465,accepted_no_hysteresis
no_hysteresis,94,47.0,95,16.386586561168645,16.386586561168645,-1.0,7,1,0,0,0,0,0.16619599773548543,accepted_no_hysteresis
no_hysteresis,95,47.5,96,16.38840926901232,16.38840926901232,-1.0,7,1,0,0,1,5,0.1629860016691964,accepted_no_hysteresis
no_hysteresis,96,48.0,97,16.20252022264417,16.20252022264417,-1.0,8,0,0,0,1,4,0.16585500270593911,accepted_no_hysteresis
no_hysteresis,97,48.5,98,16.18994689244069,16.18994689244069,-1.0,8,0,0,0,0,0,0.16623500050627626,accepted_no_hysteresis
no_hysteresis,98,49.0,99,16.177698271040157,16.177698271040157,-1.0,8,0,0,0,0,0,0.1657069988141302,accepted_no_hysteresis
no_hysteresis,99,49.5,100,16.165821973883332,16.165821973883332,-1.0,8,0,0,0,0,0,0.18205100059276447,accepted_no_hysteresis
no_hysteresis,100,50.0,101,16.147198746769366,16.147198746769366,-1.0,8,0,0,0,1,3,0.17729700266500004,accepted_no_hysteresis
no_hysteresis,101,50.5,102,16.076807420635614,16.076807420635614,-1.0,8,0,0,0,1,2,0.18172199997934513,accepted_no_hysteresis
no_hysteresis,102,51.0,103,16.005910861826102,16.005910861826102,-1.0,8,0,0,0,0,0,0.1730599979055114,accepted_no_hysteresis
no_hysteresis,103,51.5,104,15.936525378049767,15.936525378049767,-1.0,8,0,0,0,0,0,0.1798919984139502,accepted_no_hysteresis
no_hysteresis,104,52.0,105,15.868793222004918,15.868793222004918,-1.0,8,0,0,0,0,0,0.1634069994906895,accepted_no_hysteresis
no_hysteresis,105,52.5,106,15.802853149966175,15.802853149966175,-1.0,8,0,0,0,0,0,0.16723700173315592,accepted_no_hysteresis
no_hysteresis,106,53.0,107,15.740961687467717,15.740961687467717,-1.0,8,0,0,0,0,0,0.1654250008868985,accepted_no_hysteresis
no_hysteresis,107,53.5,108,15.68288570582784,15.68288570582784,-1.0,8,0,1,0,0,0,0.16813499678391963,accepted_no_hysteresis
no_hysteresis,108,54.0,109,16.168251528262275,16.168251528262275,-1.0,7,1,1,0,1,4,0.15753000116092153,accepted_no_hysteresis
no_hysteresis,109,54.5,110,16.106679475496062,16.106679475496062,-1.0,7,1,1,0,0,0,0.1562510005896911,accepted_no_hysteresis
no_hysteresis,110,55.0,111,16.04694945572608,16.04694945572608,-1.0,7,1,1,0,0,0,0.15805300063220784,accepted_no_hysteresis
no_hysteresis,111,55.5,112,15.98917015284705,15.98917015284705,-1.0,7,1,1,0,0,0,0.1619849972485099,accepted_no_hysteresis
no_hysteresis,112,56.0,113,15.933446565207765,15.933446565207765,-1.0,7,1,1,0,0,0,0.1592679982422851,accepted_no_hysteresis
no_hysteresis,113,56.5,114,15.879879783734262,15.879879783734262,-1.0,7,1,1,0,0,0,0.15713199900346808,accepted_no_hysteresis
no_hysteresis,114,57.0,115,15.828566778884637,15.828566778884637,-1.0,7,1,1,0,0,0,0.1618290007172618,accepted_no_hysteresis
no_hysteresis,115,57.5,116,15.779600196927259,15.779600196927259,-1.0,7,1,1,0,0,0,0.15387799794552848,accepted_no_hysteresis
no_hysteresis,116,58.0,117,15.733068166010666,15.733068166010666,-1.0,7,1,1,0,0,0,0.15843399887671694,accepted_no_hysteresis
no_hysteresis,117,58.5,118,15.68905411246851,15.68905411246851,-1.0,7,1,1,0,0,0,0.14975399972172454,accepted_no_hysteresis
no_hysteresis,118,59.0,119,15.6476365877769,15.6476365877769,-1.0,7,1,1,0,0,0,0.15577799786115065,accepted_no_hysteresis
no_hysteresis,119,59.5,120,15.608889106554662,15.608889106554662,-1.0,7,1,1,0,0,0,0.1591809996170923,accepted_no_hysteresis
no_hysteresis,120,60.0,121,15.572879995968986,15.572879995968986,-1.0,7,1,1,0,0,0,0.15384099970106035,accepted_no_hysteresis
no_hysteresis,121,60.5,122,15.539672256880312,15.539672256880312,-1.0,7,1,1,0,0,0,0.15627299944753759,accepted_no_hysteresis
no_hysteresis,122,61.0,123,15.509323437030652,15.509323437030652,-1.0,7,1,1,0,0,0,0.1510500005679205,accepted_no_hysteresis
no_hysteresis,123,61.5,124,15.481885516549312,15.481885516549312,-1.0,7,1,1,0,0,0,0.23073600095813163,accepted_no_hysteresis
no_hysteresis,124,62.0,125,15.457419155869879,15.457419155869879,-1.0,7,1,1,0,0,0,0.16252699788310565,accepted_no_hysteresis
no_hysteresis,125,62.5,126,15.440461430669254,15.440461430669254,-1.0,7,1,1,0,0,0,0.16011999832699075,accepted_no_hysteresis
no_hysteresis,126,63.0,127,15.426947686054348,15.426947686054348,-1.0,7,1,2,0,0,0,0.1571320026414469,accepted_no_hysteresis
no_hysteresis,127,63.5,128,15.41689181112436,15.41689181112436,-1.0,7,1,2,0,0,0,0.1998210027522873,accepted_no_hysteresis
no_hysteresis,128,64.0,129,15.410300547726958,15.410300547726958,-1.0,7,1,2,0,0,0,0.1529969995317515,accepted_no_hysteresis
no_hysteresis,129,64.5,130,15.09217350263757,15.09217350263757,-1.0,7,1,2,0,0,0,0.20618399867089465,accepted_no_hysteresis
no_hysteresis,130,65.0,131,15.09369116669873,15.09369116669873,-1.0,7,1,2,0,0,0,0.16996100021060556,accepted_no_hysteresis
no_hysteresis,131,65.5,132,15.10367636469486,15.10367636469486,-1.0,7,1,2,0,0,0,0.15263100067386404,accepted_no_hysteresis
no_hysteresis,132,66.0,133,15.11661342728305,15.11661342728305,-1.0,7,1,2,0,0,0,0.14957199891796336,accepted_no_hysteresis
no_hysteresis,133,66.5,134,15.132463984609068,15.132463984609068,-1.0,7,1,2,0,0,0,0.14770599955227226,accepted_no_hysteresis
no_hysteresis,134,67.0,135,15.15118366575739,15.15118366575739,-1.0,7,1,2,0,0,0,0.15346199870691635,accepted_no_hysteresis
no_hysteresis,135,67.5,136,15.805842956401495,15.805842956401495,-1.0,7,1,2,0,1,3,0.1573450026626233,accepted_no_hysteresis
no_hysteresis,136,68.0,137,15.836445106837733,15.836445106837733,-1.0,7,1,2,0,0,0,0.18942799943033606,accepted_no_hysteresis
no_hysteresis,137,68.5,138,15.869279288743343,15.869279288743343,-1.0,7,1,2,0,0,0,0.1672569997026585,accepted_no_hysteresis
no_hysteresis,138,69.0,139,15.74396488655909,15.74396488655909,-1.0,7,1,2,0,1,2,0.1492549999966286,accepted_no_hysteresis
no_hysteresis,139,69.5,140,15.782964830585083,15.782964830585083,-1.0,7,1,2,0,0,0,0.15846200039959513,accepted_no_hysteresis
no_hysteresis,140,70.0,141,15.824455106094838,15.824455106094838,-1.0,7,1,2,0,0,0,0.15619999976479448,accepted_no_hysteresis
no_hysteresis,141,70.5,142,15.86834241372901,15.86834241372901,-1.0,7,1,2,0,0,0,0.15284599794540554,accepted_no_hysteresis
no_hysteresis,142,71.0,143,15.91452882535848,15.91452882535848,-1.0,7,1,2,0,0,0,0.14918099986971356,accepted_no_hysteresis
no_hysteresis,143,71.5,144,15.203202571085509,15.203202571085509,-1.0,8,0,2,0,1,4,0.16958199921646155,accepted_no_hysteresis
no_hysteresis,144,72.0,145,15.21550979488508,15.21550979488508,-1.0,8,0,2,0,0,0,0.16767900160630234,accepted_no_hysteresis
no_hysteresis,145,72.5,146,15.229975793092526,15.229975793092526,-1.0,8,0,2,0,0,0,0.16753199815866537,accepted_no_hysteresis
no_hysteresis,146,73.0,147,15.246540186699898,15.246540186699898,-1.0,8,0,2,0,0,0,0.17489400124759413,accepted_no_hysteresis
no_hysteresis,147,73.5,148,15.265138112146609,15.265138112146609,-1.0,8,0,2,0,0,0,0.16457899982924573,accepted_no_hysteresis
no_hysteresis,148,74.0,149,15.285700414950378,15.285700414950378,-1.0,8,0,2,0,0,0,0.1665660020080395,accepted_no_hysteresis
no_hysteresis,149,74.5,150,15.30815385354312,15.30815385354312,-1.0,8,0,2,0,0,0,0.16256399976555258,accepted_no_hysteresis
no_hysteresis,150,75.0,151,15.33242131271147,15.33242131271147,-1.0,8,0,2,0,0,0,0.17024800035869703,accepted_no_hysteresis
no_hysteresis,151,75.5,152,15.358422026017207,15.358422026017207,-1.0,8,0,2,0,0,0,0.1633160027267877,accepted_no_hysteresis
no_hysteresis,152,76.0,153,15.27333260946341,15.27333260946341,-1.0,8,0,2,0,1,4,0.18243999875267036,accepted_no_hysteresis
no_hysteresis,153,76.5,154,15.323217472787261,15.323217472787261,-1.0,8,0,2,0,0,0,0.17466899953433312,accepted_no_hysteresis
no_hysteresis,154,77.0,155,15.354512043926828,15.354512043926828,-1.0,8,0,2,0,1,2,0.18119199739885516,accepted_no_hysteresis
no_hysteresis,155,77.5,156,15.373045416666592,15.373045416666592,-1.0,8,0,2,0,0,0,0.18410499978926964,accepted_no_hysteresis
no_hysteresis,156,78.0,157,15.395095803965958,15.395095803965958,-1.0,8,0,2,0,0,0,0.186641002073884,accepted_no_hysteresis
no_hysteresis,157,78.5,158,15.42285480287737,15.42285480287737,-1.0,8,0,2,0,0,0,0.16942000002018176,accepted_no_hysteresis
no_hysteresis,158,79.0,159,15.452088897820516,15.452088897820516,-1.0,8,0,2,0,0,0,0.17601100262254477,accepted_no_hysteresis
no_hysteresis,159,79.5,160,15.482701651233558,15.482701651233558,-1.0,8,0,2,0,0,0,0.1726910013530869,accepted_no_hysteresis
no_hysteresis,160,80.0,161,15.514594411277214,15.514594411277214,-1.0,8,0,3,0,0,0,0.16400200183852576,accepted_no_hysteresis
no_hysteresis,161,80.5,162,15.547666586427784,15.547666586427784,-1.0,8,0,3,0,0,0,0.1664119990891777,accepted_no_hysteresis
no_hysteresis,162,81.0,163,15.607109771086206,15.607109771086206,-1.0,8,0,3,0,1,4,0.16323400268447585,accepted_no_hysteresis
no_hysteresis,163,81.5,164,15.629454292210589,15.629454292210589,-1.0,8,0,3,0,0,0,0.16604299889877439,accepted_no_hysteresis
no_hysteresis,164,82.0,165,16.90579705364155,16.90579705364155,-1.0,7,1,3,0,1,1,0.1536999989184551,accepted_no_hysteresis
no_hysteresis,165,82.5,166,16.943354083458658,16.943354083458658,-1.0,7,1,2,0,0,0,0.16022699855966493,accepted_no_hysteresis
no_hysteresis,166,83.0,167,16.98047545164134,16.98047545164134,-1.0,7,1,2,0,0,0,0.15251199874910526,accepted_no_hysteresis
no_hysteresis,167,83.5,168,17.01514114005623,17.01514114005623,-1.0,7,1,2,0,1,3,0.15172400162555277,accepted_no_hysteresis
no_hysteresis,168,84.0,169,17.045510773927894,17.045510773927894,-1.0,7,1,2,0,0,0,0.15907899796729907,accepted_no_hysteresis
no_hysteresis,169,84.5,170,17.075802487294837,17.075802487294837,-1.0,7,1,2,0,0,0,0.15528999938396737,accepted_no_hysteresis
no_hysteresis,170,85.0,171,17.10594398041692,17.10594398041692,-1.0,7,1,2,0,0,0,0.15557900042040274,accepted_no_hysteresis
no_hysteresis,171,85.5,172,17.131825398943626,17.131825398943626,-1.0,7,1,2,0,1,4,0.15185300071607344,accepted_no_hysteresis
no_hysteresis,172,86.0,173,17.15527243714007,17.15527243714007,-1.0,7,1,2,0,0,0,0.1512710005044937,accepted_no_hysteresis
no_hysteresis,173,86.5,174,17.178128223289786,17.178128223289786,-1.0,7,1,2,0,0,0,0.15240100037772208,accepted_no_hysteresis
no_hysteresis,174,87.0,175,17.202530761187468,17.202530761187468,-1.0,7,1,2,0,0,0,0.15618299948982894,accepted_no_hysteresis
no_hysteresis,175,87.5,176,17.236111831304044,17.236111831304044,-1.0,7,1,2,0,0,0,0.16817799769341946,accepted_no_hysteresis
no_hysteresis,176,88.0,177,17.26873865593077,17.26873865593077,-1.0,7,1,2,0,0,0,0.16083100126706995,accepted_no_hysteresis
no_hysteresis,177,88.5,178,17.300334414969328,17.300334414969328,-1.0,7,1,2,0,0,0,0.15555099889752455,accepted_no_hysteresis
no_hysteresis,178,89.0,179,17.33082486318695,17.33082486318695,-1.0,7,1,2,0,0,0,0.15300199811463244,accepted_no_hysteresis
no_hysteresis,179,89.5,180,17.360138497181733,17.360138497181733,-1.0,7,1,2,0,0,0,0.15198300025076605,accepted_no_hysteresis
no_hysteresis,180,90.0,181,17.388206714786563,17.388206714786563,-1.0,7,1,2,0,0,0,0.15237000116030686,accepted_no_hysteresis
no_hysteresis,181,90.5,182,17.382820302549682,17.382820302549682,-1.0,7,1,2,0,1,3,0.15868199989199638,accepted_no_hysteresis
no_hysteresis,182,91.0,183,17.37206798379229,17.37206798379229,-1.0,7,1,2,0,0,0,0.15158400128711946,accepted_no_hysteresis
no_hysteresis,183,91.5,184,17.359756658049477,17.359756658049477,-1.0,7,1,2,0,0,0,0.15201700080069713,accepted_no_hysteresis
no_hysteresis,184,92.0,185,17.345892768402706,17.345892768402706,-1.0,7,1,2,0,0,0,0.15178099783952348,accepted_no_hysteresis
no_hysteresis,185,92.5,186,17.330486465260687,17.330486465260687,-1.0,7,1,2,0,0,0,0.15091699970071204,accepted_no_hysteresis
no_hysteresis,186,93.0,187,17.313551607018688,17.313551607018688,-1.0,7,1,2,0,0,0,0.15448999693035148,accepted_no_hysteresis
no_hysteresis,187,93.5,188,17.295105751037944,17.295105751037944,-1.0,7,1,2,0,0,0,0.15071600137162022,accepted_no_hysteresis
no_hysteresis,188,94.0,189,17.27517013493895,17.27517013493895,-1.0,7,1,2,0,0,0,0.14922400077921338,accepted_no_hysteresis
no_hysteresis,189,94.5,190,17.248920740811975,17.248920740811975,-1.0,7,1,2,0,1,2,0.15087599967955612,accepted_no_hysteresis
no_hysteresis,190,95.0,191,17.22385245987884,17.22385245987884,-1.0,7,1,2,0,0,0,0.15648499902454205,accepted_no_hysteresis
no_hysteresis,191,95.5,192,17.196977054907723,17.196977054907723,-1.0,7,1,2,0,0,0,0.15822599743842147,accepted_no_hysteresis
no_hysteresis,192,96.0,193,17.168334996599903,17.168334996599903,-1.0,7,1,2,0,0,0,0.15548200099146925,accepted_no_hysteresis
no_hysteresis,193,96.5,194,17.137970927213686,17.137970927213686,-1.0,7,1,2,0,0,0,0.1519249999546446,accepted_no_hysteresis
no_hysteresis,194,97.0,195,17.10593357498904,17.10593357498904,-1.0,7,1,2,0,0,0,0.1508089990238659,accepted_no_hysteresis
no_hysteresis,195,97.5,196,17.072275658305575,17.072275658305575,-1.0,7,1,2,0,0,0,0.16059799963841215,accepted_no_hysteresis
no_hysteresis,196,98.0,197,17.03705377979836,17.03705377979836,-1.0,7,1,2,0,0,0,0.15683900346630253,accepted_no_hysteresis
no_hysteresis,197,98.5,198,17.000328310682935,17.000328310682935,-1.0,7,1,2,0,0,0,0.15507500211242586,accepted_no_hysteresis
no_hysteresis,198,99.0,199,15.54274485330815,15.54274485330815,-1.0,8,0,2,0,1,1,0.17433700122637674,accepted_no_hysteresis
no_hysteresis,199,99.5,200,15.501999657467527,15.501999657467527,-1.0,8,0,2,0,0,0,0.1825320032367017,accepted_no_hysteresis
hysteresis_delta_0.2,0,0.0,1,15.702118957711185,15.702118957711185,-1.0,7,1,3,0,0,0,0.15011499999673106,accepted
hysteresis_delta_0.2,1,0.5,2,16.05213049573045,16.05213049573045,1000013.8186056996,7,1,3,0,1,4,0.17768800171324983,accepted_previous_infeasible
hysteresis_delta_0.2,2,1.0,3,16.037365412762142,16.037365412762142,16.037365412762142,7,1,3,0,0,0,0.16816200150060467,unchanged
hysteresis_delta_0.2,3,1.5,4,16.022766189671515,16.020694284957962,16.022766189671515,7,1,3,0,0,0,0.18645900127012283,held_by_hysteresis
hysteresis_delta_0.2,4,2.0,5,16.00837473965817,16.00020102513255,16.00837473965817,7,1,3,0,0,0,0.1887620019260794,held_by_hysteresis
hysteresis_delta_0.2,5,2.5,6,15.999276998423905,15.98464472437977,15.999276998423905,7,1,3,0,0,0,0.18577800074126571,held_by_hysteresis
hysteresis_delta_0.2,6,3.0,7,15.99251270773739,15.971072651421773,15.99251270773739,7,1,3,0,0,0,0.17715300054987893,held_by_hysteresis
hysteresis_delta_0.2,7,3.5,8,15.986510765312266,15.95792187937514,15.986510765312266,7,1,3,0,0,0,0.1727620001474861,held_by_hysteresis
hysteresis_delta_0.2,8,4.0,9,15.990830320866555,15.95476037171313,15.990830320866555,7,1,3,0,0,0,0.17271199976676144,held_by_hysteresis
hysteresis_delta_0.2,9,4.5,10,16.002858427601243,15.958984622490606,16.002858427601243,7,1,3,0,0,0,0.1708309973764699,held_by_hysteresis
hysteresis_delta_0.2,10,5.0,11,16.01702745856865,15.965037060317144,16.01702745856865,7,1,3,0,0,0,0.17094899885705672,held_by_hysteresis
hysteresis_delta_0.2,11,5.5,12,16.035416049559988,15.960611232978735,16.035416049559988,7,1,3,0,0,0,0.1716109982226044,held_by_hysteresis
hysteresis_delta_0.2,12,6.0,13,16.05485513266255,15.954644048754547,16.05485513266255,7,1,3,0,0,0,0.1735540026857052,held_by_hysteresis
hysteresis_delta_0.2,13,6.5,14,16.075314614918877,15.950524926925736,16.075314614918877,7,1,3,0,0,0,0.16992499877233058,held_by_hysteresis
hysteresis_delta_0.2,14,7.0,15,16.096761219197507,15.948280817946396,16.096761219197507,7,1,3,0,0,0,0.173566000739811,held_by_hysteresis
hysteresis_delta_0.2,15,7.5,16,16.11915853972215,15.947934026174497,16.11915853972215,7,1,3,0,0,0,0.1668799995968584,held_by_hysteresis
hysteresis_delta_0.2,16,8.0,17,16.540182167304977,16.540182167304977,1000014.4095744007,6,2,3,0,1,2,0.165178000315791,accepted_previous_infeasible
hysteresis_delta_0.2,17,8.5,18,16.53015859193859,16.320042079287276,16.53015859193859,6,2,3,0,0,0,0.15922200327622704,held_by_hysteresis
hysteresis_delta_0.2,18,9.0,19,16.520939381964144,16.313999804609892,16.520939381964144,6,2,3,0,0,0,0.16644499919493683,held_by_hysteresis
hysteresis_delta_0.2,19,9.5,20,16.512537585700528,16.30933976057717,16.512537585700528,6,2,3,0,0,0,0.15928900029393844,held_by_hysteresis
hysteresis_delta_0.2,20,10.0,21,16.50496424250944,16.306065589734903,16.50496424250944,6,2,3,0,0,0,0.17363799997838214,held_by_hysteresis
hysteresis_delta_0.2,21,10.5,22,16.498228356681302,16.304177908492253,16.498228356681302,6,2,3,0,0,0,0.1616890003788285,held_by_hysteresis
hysteresis_delta_0.2,22,11.0,23,16.492336877658065,16.30367430289349,16.492336877658065,6,2,2,0,0,0,0.1607310005056206,held_by_hysteresis
hysteresis_delta_0.2,23,11.5,24,16.48729468665809,15.862890861603002,16.48729468665809,6,2,2,0,0,0,0.17530100012663752,held_by_hysteresis
hysteresis_delta_0.2,24,12.0,25,16.48310458974798,15.8786359579497,16.48310458974798,6,2,2,0,0,0,0.17777999892132357,held_by_hysteresis
hysteresis_delta_0.2,25,12.5,26,16.47976731738605,15.895765053337893,16.47976731738605,6,2,2,0,0,0,0.1725449983496219,held_by_hysteresis
hysteresis_delta_0.2,26,13.0,27,16.477281530441548,15.914232395776684,16.477281530441548,6,2,2,0,0,0,0.17025299894157797,held_by_hysteresis
hysteresis_delta_0.2,27,13.5,28,16.475643832673462,15.9339888705059,16.475643832673462,6,2,2,0,0,0,0.16932400103542022,held_by_hysteresis
hysteresis_delta_0.2,28,14.0,29,16.474848789632034,15.95498213251351,16.474848789632034,6,2,2,0,0,0,0.1737909988150932,held_by_hysteresis
hysteresis_delta_0.2,29,14.5,30,17.270221523833136,17.270221523833136,1000015.099880333,7,1,2,0,1,5,0.1719939973554574,accepted_previous_infeasible
hysteresis_delta_0.2,30,15.0,31,17.260585697470724,17.257407304357244,17.260585697470724,7,1,2,0,0,0,0.1772780015016906,held_by_hysteresis
hysteresis_delta_0.2,31,15.5,32,17.252622943570127,17.234882816022473,17.252622943570127,7,1,2,0,0,0,0.1755070006765891,held_by_hysteresis
hysteresis_delta_0.2,32,16.0,33,17.246327004728297,17.207653040739192,17.246327004728297,7,1,2,0,0,0,0.1757259997248184,held_by_hysteresis
hysteresis_delta_0.2,33,16.5,34,17.241687967469133,17.167652262226255,17.241687967469133,7,1,2,0,0,0,0.17054999989341013,held_by_hysteresis
hysteresis_delta_0.2,34,17.0,35,17.23869234034725,17.130196850014112,17.23869234034725,7,1,2,0,0,0,0.17492000188212842,held_by_hysteresis
hysteresis_delta_0.2,35,17.5,36,17.24082598361327,17.095337714865998,17.24082598361327,7,1,2,0,0,0,0.17207400014740415,held_by_hysteresis
hysteresis_delta_0.2,36,18.0,37,17.24817836661126,17.063121134120312,17.24817836661126,7,1,2,0,0,0,0.17018300059135072,held_by_hysteresis
hysteresis_delta_0.2,37,18.5,38,17.257547480579696,17.03358870448793,17.257547480579696,7,1,2,0,0,0,0.17144400044344366,held_by_hysteresis
hysteresis_delta_0.2,38,19.0,39,17.279561821078232,17.017445664982755,17.279561821078232,7,1,2,0,0,0,0.17602899970370345,held_by_hysteresis
hysteresis_delta_0.2,39,19.5,40,17.304417016637434,17.004963438968964,17.304417016637434,7,1,2,0,0,0,0.16926199896261096,held_by_hysteresis
hysteresis_delta_0.2,40,20.0,41,17.330923362960142,16.995027004693014,17.330923362960142,7,1,2,0,0,0,0.17093200222007,held_by_hysteresis
hysteresis_delta_0.2,41,20.5,42,17.359010517116495,16.987639428217086,17.359010517116495,7,1,2,0,0,0,0.17156000103568658,held_by_hysteresis
hysteresis_delta_0.2,42,21.0,43,17.388605234153122,16.98279944154834,17.388605234153122,7,1,2,0,0,0,0.17143199875135906,held_by_hysteresis
hysteresis_delta_0.2,43,21.5,44,17.419631565503938,16.980501485717785,17.419631565503938,7,1,2,0,0,0,0.17189999925903976,held_by_hysteresis
hysteresis_delta_0.2,44,22.0,45,17.452011062309133,16.980735762272936,17.452011062309133,7,1,2,0,0,0,0.17741899864631705,held_by_hysteresis
hysteresis_delta_0.2,45,22.5,46,17.485662983085778,16.983488292976354,17.485662983085778,7,1,2,0,0,0,0.18239900236949325,held_by_hysteresis
hysteresis_delta_0.2,46,23.0,47,17.25947344981867,17.25947344981867,1000015.3150521853,5,3,2,0,1,5,0.1569640007801354,accepted_previous_infeasible
hysteresis_delta_0.2,47,23.5,48,17.26232458054463,17.26232458054463,17.26232458054463,5,3,2,0,0,0,0.1560180025990121,unchanged
hysteresis_delta_0.2,48,24.0,49,17.267647147304178,17.267647147304178,17.267647147304178,5,3,2,0,0,0,0.15004400120233186,unchanged
hysteresis_delta_0.2,49,24.5,50,17.275431508023498,17.275431508023498,17.275431508023498,5,3,1,0,0,0,0.15058499775477685,unchanged
hysteresis_delta_0.2,50,25.0,51,17.28566399988433,16.731218915077847,17.28566399988433,5,3,1,0,0,0,0.17175399989355356,held_by_hysteresis
hysteresis_delta_0.2,51,25.5,52,17.298326996443226,16.760103035061128,17.298326996443226,5,3,1,0,0,0,0.1736310005071573,held_by_hysteresis
hysteresis_delta_0.2,52,26.0,53,17.313398973230008,16.789174424639643,17.313398973230008,5,3,1,0,0,0,0.171282998053357,held_by_hysteresis
hysteresis_delta_0.2,53,26.5,54,17.330854581587566,16.81208698222994,17.330854581587566,5,3,1,0,0,0,0.1720100008242298,held_by_hysteresis
hysteresis_delta_0.2,54,27.0,55,17.35066473049474,16.83435038524215,17.35066473049474,5,3,1,0,0,0,0.17712299813865684,held_by_hysteresis
hysteresis_delta_0.2,55,27.5,56,17.372796676094328,16.85628960050519,17.372796676094328,5,3,1,0,0,0,0.17314200158580206,held_by_hysteresis
hysteresis_delta_0.2,56,28.0,57,17.39721411862958,16.842431818035482,17.39721411862958,5,3,1,0,0,0,0.17370299974572845,held_by_hysteresis
hysteresis_delta_0.2,57,28.5,58,17.423877306474814,16.80925607196188,17.423877306474814,5,3,1,0,0,0,0.1782750005077105,held_by_hysteresis
hysteresis_delta_0.2,58,29.0,59,17.45274314692894,16.776399805332755,17.45274314692894,5,3,1,0,0,0,0.17164100063382648,held_by_hysteresis
hysteresis_delta_0.2,59,29.5,60,17.483765323424954,16.74391005722517,17.483765323424954,5,3,1,0,0,0,0.17031899915309623,held_by_hysteresis
hysteresis_delta_0.2,60,30.0,61,17.516894418793846,16.7118342908265,17.516894418793846,5,3,1,0,0,0,0.1661809983488638,held_by_hysteresis
hysteresis_delta_0.2,61,30.5,62,17.55207804420778,16.68022035159014,17.55207804420778,5,3,1,0,0,0,0.16750699796830304,held_by_hysteresis
hysteresis_delta_0.2,62,31.0,63,17.589260973414984,16.64911642167622,17.589260973414984,5,3,1,0,0,0,0.1726789996610023,held_by_hysteresis
hysteresis_delta_0.2,63,31.5,64,17.628385281867786,16.618570970638853,17.628385281867786,5,3,1,0,0,0,0.17062599727069028,held_by_hysteresis
hysteresis_delta_0.2,64,32.0,65,17.675869959734698,16.595112171736808,17.675869959734698,5,3,1,0,0,0,0.17171599756693467,held_by_hysteresis
hysteresis_delta_0.2,65,32.5,66,17.73113851389895,16.57827529938035,17.73113851389895,5,3,1,0,0,0,0.16767999841249548,held_by_hysteresis
hysteresis_delta_0.2,66,33.0,67,17.788269966861375,16.562253516066797,17.788269966861375,5,3,1,0,0,0,0.16553999739699066,held_by_hysteresis
hysteresis_delta_0.2,67,33.5,68,17.84717545518651,16.547074251900696,17.84717545518651,5,3,1,0,0,0,0.19751199943129905,held_by_hysteresis
hysteresis_delta_0.2,68,34.0,69,17.90776401935596,16.51562747186092,17.90776401935596,5,3,1,0,0,0,0.24051600121310912,held_by_hysteresis
hysteresis_delta_0.2,69,34.5,70,17.969942800900988,16.49135870364241,17.969942800900988,5,3,1,0,0,0,0.17443300021113828,held_by_hysteresis
hysteresis_delta_0.2,70,35.0,71,18.033617241624768,16.469575683144274,18.033617241624768,5,3,1,0,0,0,0.1714409991109278,held_by_hysteresis
hysteresis_delta_0.2,71,35.5,72,18.098691284405927,16.452087510810095,18.098691284405927,5,3,1,0,0,0,0.17417900016880594,held_by_hysteresis
hysteresis_delta_0.2,72,36.0,73,18.165067575075142,16.43507441464521,18.165067575075142,5,3,1,0,0,0,0.1721540029393509,held_by_hysteresis
hysteresis_delta_0.2,73,36.5,74,18.232647664857602,16.424437164441315,18.232647664857602,5,3,1,0,0,0,0.17357199976686388,held_by_hysteresis
hysteresis_delta_0.2,74,37.0,75,18.301332212877256,16.41928691474549,18.301332212877256,5,3,1,0,0,0,0.17509300232632086,held_by_hysteresis
hysteresis_delta_0.2,75,37.5,76,18.37102118822247,16.41443349302136,18.37102118822247,5,3,1,0,0,0,0.1738580031087622,held_by_hysteresis
hysteresis_delta_0.2,76,38.0,77,18.44161407107851,16.409897645471165,18.44161407107851,5,3,1,0,0,0,0.17590100105735473,held_by_hysteresis
hysteresis_delta_0.2,77,38.5,78,18.51301005243883,16.405700817083822,18.51301005243883,5,3,1,0,0,0,0.17215099796885625,held_by_hysteresis
hysteresis_delta_0.2,78,39.0,79,18.585108231915278,16.40186509259415,18.585108231915278,5,3,1,0,0,0,0.16988800052786246,held_by_hysteresis
hysteresis_delta_0.2,79,39.5,80,18.657807813176763,16.39841313270986,18.657807813176763,5,3,1,0,0,0,0.17021399980876595,held_by_hysteresis
hysteresis_delta_0.2,80,40.0,81,18.731008296556308,16.264363245949497,18.731008296556308,5,3,1,0,0,0,0.18256399926031008,held_by_hysteresis
hysteresis_delta_0.2,81,40.5,82,18.804609668378436,16.276736191234313,18.804609668378436,5,3,0,0,0,0,0.18360900139668956,held_by_hysteresis
hysteresis_delta_0.2,82,41.0,83,18.878512586571663,16.289150539531274,18.878512586571663,5,3,0,0,0,0,0.17852300152298994,held_by_hysteresis
hysteresis_delta_0.2,83,41.5,84,18.95261856214485,16.29397697734943,18.95261856214485,5,3,0,0,0,0,0.19513900042511523,held_by_hysteresis
hysteresis_delta_0.2,84,42.0,85,19.02683013612151,16.296903472175863,19.02683013612151,5,3,0,0,0,0,0.17900799866765738,held_by_hysteresis
hysteresis_delta_0.2,85,42.5,86,19.101051051542115,16.299886264345155,19.101051051542115,5,3,0,0,0,0,0.18396099767414853,held_by_hysteresis
hysteresis_delta_0.2,86,43.0,87,19.175186420161722,16.30649270821787,19.175186420161722,5,3,0,0,0,0,0.17814600141718984,held_by_hysteresis
hysteresis_delta_0.2,87,43.5,88,19.249142883488176,16.315085844591,19.249142883488176,5,3,0,0,0,0,0.1807449989428278,held_by_hysteresis
hysteresis_delta_0.2,88,44.0,89,19.322828767825097,16.323308684976165,19.322828767825097,5,3,0,0,0,0,0.17567599934409373,held_by_hysteresis
hysteresis_delta_0.2,89,44.5,90,19.396154233003557,16.331173408170486,19.396154233003557,5,3,0,0,0,0,0.3118599997833371,held_by_hysteresis
hysteresis_delta_0.2,90,45.0,91,19.469031414506723,16.33869359221969,19.469031414506723,5,3,0,0,0,0,0.19858599989674985,held_by_hysteresis
hysteresis_delta_0.2,91,45.5,92,19.541374558713034,16.348036057834978,19.541374558713034,5,3,0,0,0,0,0.26356200032751076,held_by_hysteresis
hysteresis_delta_0.2,92,46.0,93,19.61310015100483,16.360712488030593,19.61310015100483,5,3,0,0,0,0,0.24791600299067795,held_by_hysteresis
hysteresis_delta_0.2,93,46.5,94,19.684127036512095,16.373560163068333,19.684127036512095,5,3,0,0,0,0,0.2734320005401969,held_by_hysteresis
hysteresis_delta_0.2,94,47.0,95,19.754376533283324,16.386586561168645,19.754376533283324,5,3,0,0,0,0,0.2735349989961833,held_by_hysteresis
hysteresis_delta_0.2,95,47.5,96,19.829602217666757,16.38840926901232,19.829602217666757,5,3,0,0,0,0,0.18743199689197354,held_by_hysteresis
hysteresis_delta_0.2,96,48.0,97,19.91012770758808,16.20252022264417,19.91012770758808,5,3,0,0,0,0,0.19614399934653193,held_by_hysteresis
hysteresis_delta_0.2,97,48.5,98,19.989821249193568,16.18994689244069,19.989821249193568,5,3,0,0,0,0,0.18734499826678075,held_by_hysteresis
hysteresis_delta_0.2,98,49.0,99,20.06859398009954,16.177698271040157,20.06859398009954,5,3,0,0,0,0,0.18992999684996903,held_by_hysteresis
hysteresis_delta_0.2,99,49.5,100,20.146359708483374,16.165821973883332,20.146359708483374,5,3,0,0,0,0,0.18634200023370795,held_by_hysteresis
hysteresis_delta_0.2,100,50.0,101,16.147198746769366,16.147198746769366,20.22303501443857,8,0,0,0,1,7,0.18189899856224656,accepted_gain_and_dwell
hysteresis_delta_0.2,101,50.5,102,16.104884336472374,16.076807420635614,16.104884336472374,8,0,0,0,0,0,0.1868979998107534,held_by_hysteresis
hysteresis_delta_0.2,102,51.0,103,16.06221945867541,16.005910861826102,16.06221945867541,8,0,0,0,0,0,0.18193299911217764,held_by_hysteresis
hysteresis_delta_0.2,103,51.5,104,16.01930229344107,15.936525378049767,16.01930229344107,8,0,0,0,0,0,0.18607600213726982,held_by_hysteresis
hysteresis_delta_0.2,104,52.0,105,15.976230926059685,15.868793222004918,15.976230926059685,8,0,0,0,0,0,0.1909079983306583,held_by_hysteresis
hysteresis_delta_0.2,105,52.5,106,15.933103081119343,15.802853149966175,15.933103081119343,8,0,0,0,0,0,0.18391299818176776,held_by_hysteresis
hysteresis_delta_0.2,106,53.0,107,15.892137457236341,15.740961687467717,15.892137457236341,8,0,0,0,0,0,0.18448199989506975,held_by_hysteresis
hysteresis_delta_0.2,107,53.5,108,15.853066367084208,15.68288570582784,15.853066367084208,8,0,1,0,0,0,0.18623099822434597,held_by_hysteresis
hysteresis_delta_0.2,108,54.0,109,16.168251528262275,16.168251528262275,1000014.1513547915,7,1,1,0,1,5,0.17057700097211637,accepted_previous_infeasible
hysteresis_delta_0.2,109,54.5,110,16.106679475496062,16.106679475496062,16.106679475496062,7,1,1,0,0,0,0.17045899949152954,unchanged
hysteresis_delta_0.2,110,55.0,111,16.04694945572608,16.04694945572608,16.04694945572608,7,1,1,0,0,0,0.16505500025232323,unchanged
hysteresis_delta_0.2,111,55.5,112,15.98917015284705,15.98917015284705,15.98917015284705,7,1,1,0,0,0,0.17104700236814097,unchanged
hysteresis_delta_0.2,112,56.0,113,15.933446565207765,15.933446565207765,15.933446565207765,7,1,1,0,0,0,0.16600600065430626,unchanged
hysteresis_delta_0.2,113,56.5,114,15.879879783734262,15.879879783734262,15.879879783734262,7,1,1,0,0,0,0.17025399938574992,unchanged
hysteresis_delta_0.2,114,57.0,115,15.828566778884637,15.828566778884637,15.828566778884637,7,1,1,0,0,0,0.1636829983908683,unchanged
hysteresis_delta_0.2,115,57.5,116,15.779600196927259,15.779600196927259,15.779600196927259,7,1,1,0,0,0,0.16215000141528435,unchanged
hysteresis_delta_0.2,116,58.0,117,15.733068166010666,15.733068166010666,15.733068166010666,7,1,1,0,0,0,0.16574799883528613,unchanged
hysteresis_delta_0.2,117,58.5,118,15.68905411246851,15.68905411246851,15.68905411246851,7,1,1,0,0,0,0.16102000154205598,unchanged
hysteresis_delta_0.2,118,59.0,119,15.6476365877769,15.6476365877769,15.6476365877769,7,1,1,0,0,0,0.1598150010977406,unchanged
hysteresis_delta_0.2,119,59.5,120,15.608889106554662,15.608889106554662,15.608889106554662,7,1,1,0,0,0,0.16600100207142532,unchanged
hysteresis_delta_0.2,120,60.0,121,15.572879995968986,15.572879995968986,15.572879995968986,7,1,1,0,0,0,0.16066700118244626,unchanged
hysteresis_delta_0.2,121,60.5,122,15.539672256880312,15.539672256880312,15.539672256880312,7,1,1,0,0,0,0.16009199680411257,unchanged
hysteresis_delta_0.2,122,61.0,123,15.509323437030652,15.509323437030652,15.509323437030652,7,1,1,0,0,0,0.16187099754461087,unchanged
hysteresis_delta_0.2,123,61.5,124,15.481885516549312,15.481885516549312,15.481885516549312,7,1,1,0,0,0,0.15878100020927377,unchanged
hysteresis_delta_0.2,124,62.0,125,15.457419155869879,15.457419155869879,15.457419155869879,7,1,1,0,0,0,0.15871200230321847,unchanged
hysteresis_delta_0.2,125,62.5,126,15.440461430669254,15.440461430669254,15.440461430669254,7,1,1,0,0,0,0.1569520027260296,unchanged
hysteresis_delta_0.2,126,63.0,127,15.426947686054348,15.426947686054348,15.426947686054348,7,1,2,0,0,0,0.15740500020910986,unchanged
hysteresis_delta_0.2,127,63.5,128,15.41689181112436,15.41689181112436,15.41689181112436,7,1,2,0,0,0,0.1624430005904287,unchanged
hysteresis_delta_0.2,128,64.0,129,15.410300547726958,15.410300547726958,15.410300547726958,7,1,2,0,0,0,0.1571120010339655,unchanged
hysteresis_delta_0.2,129,64.5,130,15.09217350263757,15.09217350263757,15.09217350263757,7,1,2,0,0,0,0.16313100059051067,unchanged
hysteresis_delta_0.2,130,65.0,131,15.09369116669873,15.09369116669873,15.09369116669873,7,1,2,0,0,0,0.16590099767199717,unchanged
hysteresis_delta_0.2,131,65.5,132,15.10367636469486,15.10367636469486,15.10367636469486,7,1,2,0,0,0,0.15878200065344572,unchanged
hysteresis_delta_0.2,132,66.0,133,15.11661342728305,15.11661342728305,15.11661342728305,7,1,2,0,0,0,0.16369800141546875,unchanged
hysteresis_delta_0.2,133,66.5,134,15.132463984609068,15.132463984609068,15.132463984609068,7,1,2,0,0,0,0.157097998453537,unchanged
hysteresis_delta_0.2,134,67.0,135,15.15118366575739,15.15118366575739,15.15118366575739,7,1,2,0,0,0,0.16085199968074448,unchanged
hysteresis_delta_0.2,135,67.5,136,15.805842956401495,15.805842956401495,1000013.2571317722,7,1,2,0,1,3,0.168498998391442,accepted_previous_infeasible
hysteresis_delta_0.2,136,68.0,137,15.836445106837733,15.836445106837733,15.836445106837733,7,1,2,0,0,0,0.16110900105559267,unchanged
hysteresis_delta_0.2,137,68.5,138,15.869279288743343,15.869279288743343,15.869279288743343,7,1,2,0,0,0,0.1626719968044199,unchanged
hysteresis_delta_0.2,138,69.0,139,15.904269277355882,15.74396488655909,15.904269277355882,7,1,2,0,0,0,0.1703449997876305,held_by_hysteresis
hysteresis_delta_0.2,139,69.5,140,15.94133441748243,15.782964830585083,15.94133441748243,7,1,2,0,0,0,0.17770199701772071,held_by_hysteresis
hysteresis_delta_0.2,140,70.0,141,15.980389827989844,15.824455106094838,15.980389827989844,7,1,2,0,0,0,0.1702740009932313,held_by_hysteresis
hysteresis_delta_0.2,141,70.5,142,16.021346616415247,15.86834241372901,16.021346616415247,7,1,2,0,0,0,0.16673099889885634,held_by_hysteresis
hysteresis_delta_0.2,142,71.0,143,16.071665104297185,15.91452882535848,16.071665104297185,7,1,2,0,0,0,0.165099001605995,held_by_hysteresis
hysteresis_delta_0.2,143,71.5,144,16.12532669248502,15.203202571085509,16.12532669248502,7,1,2,0,0,0,0.19264999718870968,held_by_hysteresis
hysteresis_delta_0.2,144,72.0,145,16.18096208504641,15.21550979488508,16.18096208504641,7,1,2,0,0,0,0.19227200027671643,held_by_hysteresis
hysteresis_delta_0.2,145,72.5,146,16.238452235835346,15.229975793092526,16.238452235835346,7,1,2,0,0,0,0.18722900131251663,held_by_hysteresis
hysteresis_delta_0.2,146,73.0,147,16.297674697588043,15.246540186699898,16.297674697588043,7,1,2,0,0,0,0.18647399701876566,held_by_hysteresis
hysteresis_delta_0.2,147,73.5,148,15.265138112146609,15.265138112146609,1000014.2606716454,8,0,2,0,1,3,0.18298099894309416,accepted_previous_infeasible
hysteresis_delta_0.2,148,74.0,149,15.285700414950378,15.285700414950378,15.285700414950378,8,0,2,0,0,0,0.17907900110003538,unchanged
hysteresis_delta_0.2,149,74.5,150,15.30815385354312,15.30815385354312,15.30815385354312,8,0,2,0,0,0,0.17744599972502328,unchanged
hysteresis_delta_0.2,150,75.0,151,15.33242131271147,15.33242131271147,15.33242131271147,8,0,2,0,0,0,0.1793509982235264,unchanged
hysteresis_delta_0.2,151,75.5,152,15.358422026017207,15.358422026017207,15.358422026017207,8,0,2,0,0,0,0.18380699839326553,unchanged
hysteresis_delta_0.2,152,76.0,153,15.386521644107713,15.27333260946341,15.386521644107713,8,0,2,0,0,0,0.18879400158766657,held_by_hysteresis
hysteresis_delta_0.2,153,76.5,154,15.426322611157069,15.323217472787261,15.426322611157069,8,0,2,0,0,0,0.18576599904918112,held_by_hysteresis
hysteresis_delta_0.2,154,77.0,155,15.467882772422136,15.354512043926828,15.467882772422136,8,0,2,0,0,0,0.18937699860543944,held_by_hysteresis
hysteresis_delta_0.2,155,77.5,156,15.511090406568051,15.373045416666592,15.511090406568051,8,0,2,0,0,0,0.19086499742115848,held_by_hysteresis
hysteresis_delta_0.2,156,78.0,157,15.558150787586676,15.395095803965958,15.558150787586676,8,0,2,0,0,0,0.18869899940909818,held_by_hysteresis
hysteresis_delta_0.2,157,78.5,158,15.611218380898677,15.42285480287737,15.611218380898677,8,0,2,0,0,0,0.18863799778046086,held_by_hysteresis
hysteresis_delta_0.2,158,79.0,159,15.666022217094179,15.452088897820516,15.666022217094179,8,0,2,0,0,0,0.1915540015033912,held_by_hysteresis
hysteresis_delta_0.2,159,79.5,160,15.722428140203494,15.482701651233558,15.722428140203494,8,0,2,0,0,0,0.1876500027719885,held_by_hysteresis
hysteresis_delta_0.2,160,80.0,161,15.783804753343542,15.514594411277214,15.783804753343542,8,0,3,0,0,0,0.19057499957852997,held_by_hysteresis
hysteresis_delta_0.2,161,80.5,162,15.849189391102449,15.547666586427784,15.849189391102449,8,0,3,0,0,0,0.18948800061480142,held_by_hysteresis
hysteresis_delta_0.2,162,81.0,163,15.607109771086206,15.607109771086206,1000014.1527290756,8,0,3,0,1,6,0.17991300046560355,accepted_previous_infeasible
hysteresis_delta_0.2,163,81.5,164,15.629454292210589,15.629454292210589,15.629454292210589,8,0,3,0,0,0,0.18383600036031567,unchanged
hysteresis_delta_0.2,164,82.0,165,16.90579705364155,16.90579705364155,1000013.3580081749,7,1,3,0,1,1,0.17898700025398284,accepted_previous_infeasible
hysteresis_delta_0.2,165,82.5,166,16.943354083458658,16.943354083458658,16.943354083458658,7,1,2,0,0,0,0.16953099839156494,unchanged
hysteresis_delta_0.2,166,83.0,167,16.98047545164134,16.98047545164134,16.98047545164134,7,1,2,0,0,0,0.16686700109858066,unchanged
hysteresis_delta_0.2,167,83.5,168,17.01707170112313,17.01514114005623,17.01707170112313,7,1,2,0,0,0,0.17861900050775148,held_by_hysteresis
hysteresis_delta_0.2,168,84.0,169,17.053054559033953,17.045510773927894,17.053054559033953,7,1,2,0,0,0,0.17560000196681358,held_by_hysteresis
hysteresis_delta_0.2,169,84.5,170,17.08833714897132,17.075802487294837,17.08833714897132,7,1,2,0,0,0,0.17700700118439272,held_by_hysteresis
hysteresis_delta_0.2,170,85.0,171,17.12283419937113,17.10594398041692,17.12283419937113,7,1,2,0,0,0,0.17325299995718524,held_by_hysteresis
hysteresis_delta_0.2,171,85.5,172,17.15646224745441,17.131825398943626,17.15646224745441,7,1,2,0,0,0,0.1723649984342046,held_by_hysteresis
hysteresis_delta_0.2,172,86.0,173,17.15527243714007,17.15527243714007,1000015.5641358221,7,1,2,0,1,2,0.17379699784214608,accepted_previous_infeasible
hysteresis_delta_0.2,173,86.5,174,17.178128223289786,17.178128223289786,17.178128223289786,7,1,2,0,0,0,0.17947000014828518,unchanged
hysteresis_delta_0.2,174,87.0,175,17.202530761187468,17.202530761187468,17.202530761187468,7,1,2,0,0,0,0.1712910016067326,unchanged
hysteresis_delta_0.2,175,87.5,176,17.236111831304044,17.236111831304044,17.236111831304044,7,1,2,0,0,0,0.16792400128906593,unchanged
hysteresis_delta_0.2,176,88.0,177,17.26873865593077,17.26873865593077,17.26873865593077,7,1,2,0,0,0,0.16583899923716672,unchanged
hysteresis_delta_0.2,177,88.5,178,17.300334414969328,17.300334414969328,17.300334414969328,7,1,2,0,0,0,0.1740770021569915,unchanged
hysteresis_delta_0.2,178,89.0,179,17.33082486318695,17.33082486318695,17.33082486318695,7,1,2,0,0,0,0.16623200281173922,unchanged
hysteresis_delta_0.2,179,89.5,180,17.360138497181733,17.360138497181733,17.360138497181733,7,1,2,0,0,0,0.16479400073876604,unchanged
hysteresis_delta_0.2,180,90.0,181,17.388206714786563,17.388206714786563,17.388206714786563,7,1,2,0,0,0,0.1842380006564781,unchanged
hysteresis_delta_0.2,181,90.5,182,17.414963966547102,17.382820302549682,17.414963966547102,7,1,2,0,0,0,0.17087100059143268,held_by_hysteresis
hysteresis_delta_0.2,182,91.0,183,17.37206798379229,17.37206798379229,1000014.8307264413,7,1,2,0,1,3,0.1709200005279854,accepted_previous_infeasible
hysteresis_delta_0.2,183,91.5,184,17.359756658049477,17.359756658049477,17.359756658049477,7,1,2,0,0,0,0.1786840002750978,unchanged
hysteresis_delta_0.2,184,92.0,185,17.345892768402706,17.345892768402706,17.345892768402706,7,1,2,0,0,0,0.16547300037927926,unchanged
hysteresis_delta_0.2,185,92.5,186,17.330486465260687,17.330486465260687,17.330486465260687,7,1,2,0,0,0,0.16880800103535876,unchanged
hysteresis_delta_0.2,186,93.0,187,17.313551607018688,17.313551607018688,17.313551607018688,7,1,2,0,0,0,0.16114699974423274,unchanged
hysteresis_delta_0.2,187,93.5,188,17.295105751037944,17.295105751037944,17.295105751037944,7,1,2,0,0,0,0.3215300021111034,unchanged
hysteresis_delta_0.2,188,94.0,189,17.27517013493895,17.27517013493895,17.27517013493895,7,1,2,0,0,0,0.16496299940627068,unchanged
hysteresis_delta_0.2,189,94.5,190,17.253769648229355,17.248920740811975,17.253769648229355,7,1,2,0,0,0,0.23895900085335597,held_by_hysteresis
hysteresis_delta_0.2,190,95.0,191,17.23093279431418,17.22385245987884,17.23093279431418,7,1,2,0,0,0,0.18993199773831293,held_by_hysteresis
hysteresis_delta_0.2,191,95.5,192,17.206691642962895,17.196977054907723,17.206691642962895,7,1,2,0,0,0,0.19445200086920522,held_by_hysteresis
hysteresis_delta_0.2,192,96.0,193,17.181081773334398,17.168334996599903,17.181081773334398,7,1,2,0,0,0,0.19946100292145275,held_by_hysteresis
hysteresis_delta_0.2,193,96.5,194,17.154142207687542,17.137970927213686,17.154142207687542,7,1,2,0,0,0,0.19109099957859144,held_by_hysteresis
hysteresis_delta_0.2,194,97.0,195,17.125915335930692,17.10593357498904,17.125915335930692,7,1,2,0,0,0,0.21027299953857437,held_by_hysteresis
hysteresis_delta_0.2,195,97.5,196,17.096446831189535,17.072275658305575,17.096446831189535,7,1,2,0,0,0,0.19628999871201813,held_by_hysteresis
hysteresis_delta_0.2,196,98.0,197,17.06578555659754,17.03705377979836,17.06578555659754,7,1,2,0,0,0,0.2198229994974099,held_by_hysteresis
hysteresis_delta_0.2,197,98.5,198,17.03398346353788,17.000328310682935,17.03398346353788,7,1,2,0,0,0,0.17545099763083272,held_by_hysteresis
hysteresis_delta_0.2,198,99.0,199,17.001095481589836,15.54274485330815,17.001095481589836,7,1,2,0,0,0,0.18980400272994302,held_by_hysteresis
hysteresis_delta_0.2,199,99.5,200,16.967179400455755,15.501999657467527,16.967179400455755,7,1,2,0,0,0,0.19971900110249408,held_by_hysteresis
