document,line,caption,path,resolved_path,status,git_status,sha256,bytes
deliverables/leadership_report/ACTIVE_DEGRADATION_SECONDARY_DISTRIBUTED_ASSIGNMENT_REPORT_CN.md,17,三级火力指挥控制结构,assets/fire_command_three_level_structure.png,/home/linux/Documents/MSM/deliverables/leadership_report/assets/fire_command_three_level_structure.png,present,tracked,b2d1be1be6bdff693f264590a60a3de1eac57dbb41a441db564310e98579aeb6,568268
deliverables/leadership_report/ACTIVE_DEGRADATION_SECONDARY_DISTRIBUTED_ASSIGNMENT_REPORT_CN.md,49,主动降级与分级目标分配流程,assets/fire_command_control_flow.png,/home/linux/Documents/MSM/deliverables/leadership_report/assets/fire_command_control_flow.png,present,tracked,3ba20bbf4976ab907dfc0398778152d0bc536c98b6dc8c9a51aab7768b95437b,706622
deliverables/leadership_report/ACTIVE_DEGRADATION_SECONDARY_DISTRIBUTED_ASSIGNMENT_REPORT_CN.md,99,降级后的算法路线,assets/degraded_algorithm_route.png,/home/linux/Documents/MSM/deliverables/leadership_report/assets/degraded_algorithm_route.png,present,tracked,c15bd8d9fa4133c456b19fbe0c49dd5fa76510acd73b3c7117807c85b077a216,561372
deliverables/leadership_report/ACTIVE_DEGRADATION_SECONDARY_DISTRIBUTED_ASSIGNMENT_REPORT_CN.md,115,二级节点重新分配原理,assets/secondary_assignment_principle.png,/home/linux/Documents/MSM/deliverables/leadership_report/assets/secondary_assignment_principle.png,present,tracked,f5102ab4d7ee8570faa787eaa64a19aa25ff9e268aa866be1c6ea3315827dc03,532510
deliverables/leadership_report/ACTIVE_DEGRADATION_SECONDARY_DISTRIBUTED_ASSIGNMENT_REPORT_CN.md,129,完全分布式协商原理,assets/distributed_consensus_principle.png,/home/linux/Documents/MSM/deliverables/leadership_report/assets/distributed_consensus_principle.png,present,tracked,1c15bc9b92d0234590d0724c052fd9cfdbb9d8b99af342b25a348324ffd0b797,510720
deliverables/leadership_report/C_UAS_PROJECT_LEADERSHIP_REPORT_CN.md,30,战场全景视图,assets/battlefield_panorama.png,/home/linux/Documents/MSM/deliverables/leadership_report/assets/battlefield_panorama.png,present,tracked,8ef70ceeb5c5e07de8cd1356af3a1f77a4d731d10530441b90c21bb7ce95192b,2337343
deliverables/leadership_report/C_UAS_PROJECT_LEADERSHIP_REPORT_CN.md,36,三层节点体系,assets/three_layer_architecture.png,/home/linux/Documents/MSM/deliverables/leadership_report/assets/three_layer_architecture.png,present,tracked,eaa1ee4e1cb172e13cb78393f9722fc1e459a9de800906aabc0d30bda25056fc,206381
deliverables/leadership_report/C_UAS_PROJECT_LEADERSHIP_REPORT_CN.md,54,完整拦截流程,assets/system_closed_loop.png,/home/linux/Documents/MSM/deliverables/leadership_report/assets/system_closed_loop.png,present,tracked,aee6b1ac8adf4ecaad055b0b74316768369ddd639896886486d78cd9e2b7f804,154523
deliverables/leadership_report/C_UAS_PROJECT_LEADERSHIP_REPORT_CN.md,97,雷达与光电分工,assets/sensor_roles.png,/home/linux/Documents/MSM/deliverables/leadership_report/assets/sensor_roles.png,present,tracked,86077f42edda0a1921c2d81dff5f856d3b0cf11b87d00475fe458a48dd153699,194646
deliverables/leadership_report/C_UAS_PROJECT_LEADERSHIP_REPORT_CN.md,99,传感器分段交接流程,assets/sensor_handover_flow.png,/home/linux/Documents/MSM/deliverables/leadership_report/assets/sensor_handover_flow.png,present,tracked,52099798e3a2697a39cbf23f95b97f50d1dcc768bcdc5196234542661029af90,187717
deliverables/leadership_report/C_UAS_PROJECT_LEADERSHIP_REPORT_CN.md,152,异步观测融合与状态估计流程,assets/fusion_estimation_flow.png,/home/linux/Documents/MSM/deliverables/leadership_report/assets/fusion_estimation_flow.png,present,tracked,fee0e18c8c5e008ba76de10dfd5f5b610d8adb7c4c5506a846e32767da9dae83,185964
deliverables/leadership_report/C_UAS_PROJECT_LEADERSHIP_REPORT_CN.md,164,五项关键技术,assets/five_capabilities.png,/home/linux/Documents/MSM/deliverables/leadership_report/assets/five_capabilities.png,present,tracked,643c6a33f40a5032099159840926202edf7747f90018613668dc42dae24a965f,188468
deliverables/leadership_report/C_UAS_PROJECT_LEADERSHIP_REPORT_CN.md,172,D1 多目标融合轨迹仿真结果,assets/d1_fusion_tracks.png,/home/linux/Documents/MSM/deliverables/leadership_report/assets/d1_fusion_tracks.png,present,tracked,ca357da99acab07250787f694fc9d722b7b854cd8b5e9d40743d2bda5646358e,84806
deliverables/leadership_report/C_UAS_PROJECT_LEADERSHIP_REPORT_CN.md,188,多目标交叉与稳定身份场景,assets/identity_crossing_scene.png,/home/linux/Documents/MSM/deliverables/leadership_report/assets/identity_crossing_scene.png,present,tracked,a01443c9398f099fbc814ef8c6746835205a2b5940f1e76529dee715210f8ffc,356602
deliverables/leadership_report/C_UAS_PROJECT_LEADERSHIP_REPORT_CN.md,198,M5N2 滚动资源规划场景,assets/rolling_assignment_scene.png,/home/linux/Documents/MSM/deliverables/leadership_report/assets/rolling_assignment_scene.png,present,tracked,f0ca362571d03a47520cf4da707712aef99b21ab05d9837c4ce59c90d28be3ae,223574
deliverables/leadership_report/C_UAS_PROJECT_LEADERSHIP_REPORT_CN.md,208,中心故障前后二级接管场景,assets/resilient_takeover_scene.png,/home/linux/Documents/MSM/deliverables/leadership_report/assets/resilient_takeover_scene.png,present,tracked,f075164cc1e82942a46b5221a394db531f5616a3e284393c0d2db68da60c42b1,253068
deliverables/leadership_report/C_UAS_PROJECT_LEADERSHIP_REPORT_CN.md,220,D5 末端视觉关联,assets/d5_terminal_association_scene.png,/home/linux/Documents/MSM/deliverables/leadership_report/assets/d5_terminal_association_scene.png,present,tracked,93e8fd1fee2fe92cc192731e29500d0849ea9e4137f3791cb87f7ddc7b5753c9,217874
deliverables/leadership_report/C_UAS_PROJECT_LEADERSHIP_REPORT_CN.md,228,D7 比例导引几何,assets/d7_proportional_guidance_scene.png,/home/linux/Documents/MSM/deliverables/leadership_report/assets/d7_proportional_guidance_scene.png,present,tracked,80fe959feb407ea7c9b2819a4d1e9cd120a8ac1e10f7c5c45950f57c23d232e7,186304
deliverables/leadership_report/C_UAS_PROJECT_LEADERSHIP_REPORT_CN.md,232,AirSim 三维受控拦截轨迹,assets/airsim_intercept_3d.png,/home/linux/Documents/MSM/deliverables/leadership_report/assets/airsim_intercept_3d.png,present,tracked,f54e093748d77130988bbc026ee35087325223d221789985aa49637fabf7f892,91963
deliverables/leadership_report/C_UAS_PROJECT_LEADERSHIP_REPORT_CN.md,303,版本化滚动资源分配闭环,assets/allocation_closed_loop.png,/home/linux/Documents/MSM/deliverables/leadership_report/assets/allocation_closed_loop.png,present,tracked,797e5e252a3e5005b4e028b93fe2ae34d10e001a7af01d4ce8ec2b512712fbeb,194948
deliverables/leadership_report/C_UAS_PROJECT_LEADERSHIP_REPORT_CN.md,326,网约车派单与空中闭环规划对比,assets/didi_vs_cuas_flow.png,/home/linux/Documents/MSM/deliverables/leadership_report/assets/didi_vs_cuas_flow.png,present,tracked,c8c775cf70cb049339eccb0f0f4c2f9f720fb5217c4bc18908553c583f28aece,214263
deliverables/leadership_report/C_UAS_PROJECT_LEADERSHIP_REPORT_CN.md,372,高威胁目标二主一备协同示意,assets/coalition_2plus1.png,/home/linux/Documents/MSM/deliverables/leadership_report/assets/coalition_2plus1.png,present,tracked,23c0d9dd29f2fd755bef6d23bc8895909c3f6d30f2d3ce714bcc0fa8f35807e7,199173
deliverables/leadership_report/C_UAS_PROJECT_LEADERSHIP_REPORT_CN.md,509,下一阶段路线图,assets/roadmap.png,/home/linux/Documents/MSM/deliverables/leadership_report/assets/roadmap.png,present,tracked,0d2d65c743758745c4547e1a5935f7887d8164f480a3224403a6f05069482e49,204452
deliverables/leadership_report/INTERCEPTION_REGION_REPARTITION_SOLUTION_CN.md,13,八区域空中二级节点体系,assets/eight_region_airborne_secondary_architecture.png,/home/linux/Documents/MSM/deliverables/leadership_report/assets/eight_region_airborne_secondary_architecture.png,present,tracked,c144ac9a6f17207cf735b811adaa4c2d6d4a7679cdedd50f5354da4183040f33,449753
deliverables/leadership_report/INTERCEPTION_REGION_REPARTITION_SOLUTION_CN.md,21,区域二级节点光电载荷,assets/secondary_eo_payload_parameters.png,/home/linux/Documents/MSM/deliverables/leadership_report/assets/secondary_eo_payload_parameters.png,present,tracked,3ea2d86518db9c9a141a07fd80ec0a6997423089316b9cc88bce9a0744d848a7,402383
deliverables/leadership_report/INTERCEPTION_REGION_REPARTITION_SOLUTION_CN.md,47,区域重划的主要难点,assets/region_repartition_difficulty.png,/home/linux/Documents/MSM/deliverables/leadership_report/assets/region_repartition_difficulty.png,present,tracked,4c3ae3b52f9b1debff8a540860b1001455247419b33d54305f23f0544cf0e515,344567
deliverables/leadership_report/INTERCEPTION_REGION_REPARTITION_SOLUTION_CN.md,61,区域重划的四个尺度,assets/region_four_level_structure.png,/home/linux/Documents/MSM/deliverables/leadership_report/assets/region_four_level_structure.png,present,tracked,a78492162803a2d1fb9fc1e3ac7aba6d5b9be96a2df7c08ba43410915d80d51f,211343
deliverables/leadership_report/INTERCEPTION_REGION_REPARTITION_SOLUTION_CN.md,73,区域重划强化学习的状态、动作和回报,assets/region_rl_state_action_reward.png,/home/linux/Documents/MSM/deliverables/leadership_report/assets/region_rl_state_action_reward.png,present,tracked,85caaa9c6e8e38e5e5130d713084f784430e60389877ed6d3b85eee6aae777a2,312287
deliverables/leadership_report/INTERCEPTION_REGION_REPARTITION_SOLUTION_CN.md,111,二级节点主持的区内责任区划分,assets/secondary_weighted_region_partition.png,/home/linux/Documents/MSM/deliverables/leadership_report/assets/secondary_weighted_region_partition.png,present,tracked,78ee641e591b96a25834149fd3235007b6725e04ee6975aa53d5dc93b119b747,331182
deliverables/leadership_report/INTERCEPTION_REGION_REPARTITION_SOLUTION_CN.md,135,学习策略与确定性分区闭环,assets/region_rl_safe_closed_loop.png,/home/linux/Documents/MSM/deliverables/leadership_report/assets/region_rl_safe_closed_loop.png,present,tracked,b9a25c80bce7a1cf9649769f9caff8c5ab954c79f93c26b8ada94252a90c84a5,282939
deliverables/leadership_report/INTERCEPTION_REGION_REPARTITION_SOLUTION_CN.md,149,盘旋节点的世界区域与云台角度转换,assets/moving_node_world_angle_mapping.png,/home/linux/Documents/MSM/deliverables/leadership_report/assets/moving_node_world_angle_mapping.png,present,tracked,dda61aa387c241cbe51d64119ba8c38b933aec81581366af1285c2d6170adc84,256858
deliverables/leadership_report/INTERCEPTION_REGION_REPARTITION_SOLUTION_CN.md,157,相邻二级节点的边界目标交接,assets/adjacent_secondary_boundary_handoff.png,/home/linux/Documents/MSM/deliverables/leadership_report/assets/adjacent_secondary_boundary_handoff.png,present,tracked,1bcf756496ef02384ec9b11647b8d9c56ba3ccac548222451d6921f4ee60f648,234630
deliverables/leadership_report/INTERCEPTION_REGION_REPARTITION_SOLUTION_CN.md,163,二级节点主持的滚动重划,assets/secondary_region_repartition_flow.png,/home/linux/Documents/MSM/deliverables/leadership_report/assets/secondary_region_repartition_flow.png,present,tracked,fdf357771b0d3a20ee509e33e24ed6191c6b36c03e2908d8fbb1146f790acbad,254995
deliverables/leadership_report/INTERCEPTION_REGION_REPARTITION_SOLUTION_CN.md,175,二级节点区内重划算例,assets/secondary_region_repartition_example.png,/home/linux/Documents/MSM/deliverables/leadership_report/assets/secondary_region_repartition_example.png,present,tracked,1b8017b4663eb1a7084428aebdd963b780a56fe379f867fbce704bfd6467d876,287255
deliverables/leadership_report/INTERCEPTION_SEARCH_REGION_PARTITION_AND_FINAL_ASSIGNMENT_SOLUTION_CN.md,19,红外相机的几何识别范围,assets/infrared_recognition_envelope.png,/home/linux/Documents/MSM/deliverables/leadership_report/assets/infrared_recognition_envelope.png,present,tracked,d96594e3de85ee2edc24d19ed216a346e62d8bec1c6e1ade6c1db229dc3596ee,319280
deliverables/leadership_report/INTERCEPTION_SEARCH_REGION_PARTITION_AND_FINAL_ASSIGNMENT_SOLUTION_CN.md,43,拦截搜索区域的三级划分,assets/search_region_three_level_partition.png,/home/linux/Documents/MSM/deliverables/leadership_report/assets/search_region_three_level_partition.png,present,tracked,908c3a8dec151b2051c54e42721b7bf2504d55d84abb53b6940dfb705af6bc3c,417108
deliverables/leadership_report/INTERCEPTION_SEARCH_REGION_PARTITION_AND_FINAL_ASSIGNMENT_SOLUTION_CN.md,85,多机动态搜索单元分配,assets/cooperative_search_cell_allocation.png,/home/linux/Documents/MSM/deliverables/leadership_report/assets/cooperative_search_cell_allocation.png,present,tracked,646c2890adbc6a495da930c21995ccaed2eded3c27707bfba2feb7e47eb2573e,385980
deliverables/leadership_report/INTERCEPTION_SEARCH_REGION_PARTITION_AND_FINAL_ASSIGNMENT_SOLUTION_CN.md,127,搜索、配准与任务分配闭环,assets/search_registration_assignment_closed_loop.png,/home/linux/Documents/MSM/deliverables/leadership_report/assets/search_registration_assignment_closed_loop.png,present,tracked,a36945d836aa6319bddb78cabb421e675329837cc4dacd6636e6d593368f1fbf,354239
deliverables/leadership_report/INTERCEPTOR_COOPERATIVE_GIMBAL_SEARCH_SOLUTION_CN.md,11,二级节点与拦截无人机协同搜索,assets/secondary_interceptor_search_architecture.png,/home/linux/Documents/MSM/deliverables/leadership_report/assets/secondary_interceptor_search_architecture.png,present,tracked,94b775546d7876c02ff0a061410490b8d376e0a198f9d2a67e502d7133fdaf45,301197
deliverables/leadership_report/INTERCEPTOR_COOPERATIVE_GIMBAL_SEARCH_SOLUTION_CN.md,17,区域二级节点光电载荷,assets/secondary_eo_payload_parameters.png,/home/linux/Documents/MSM/deliverables/leadership_report/assets/secondary_eo_payload_parameters.png,present,tracked,3ea2d86518db9c9a141a07fd80ec0a6997423089316b9cc88bce9a0744d848a7,402383
deliverables/leadership_report/INTERCEPTOR_COOPERATIVE_GIMBAL_SEARCH_SOLUTION_CN.md,45,有限视场协同搜索的主要难点,assets/search_limited_fov_difficulty.png,/home/linux/Documents/MSM/deliverables/leadership_report/assets/search_limited_fov_difficulty.png,present,tracked,34c746a42d63316b01baf9bdade98879c696f31ec384dcc32356bed2c018e46d,315898
deliverables/leadership_report/INTERCEPTOR_COOPERATIVE_GIMBAL_SEARCH_SOLUTION_CN.md,57,云台三种搜索工作状态,assets/secondary_gimbal_scan_modes.png,/home/linux/Documents/MSM/deliverables/leadership_report/assets/secondary_gimbal_scan_modes.png,present,tracked,fb7e709eeabb8f63f741dc923ef78ada362500020a1342b80767e07a15097bfc,379405
deliverables/leadership_report/INTERCEPTOR_COOPERATIVE_GIMBAL_SEARCH_SOLUTION_CN.md,69,主动搜索强化学习的状态、动作和回报,assets/search_rl_state_action_reward.png,/home/linux/Documents/MSM/deliverables/leadership_report/assets/search_rl_state_action_reward.png,present,tracked,21abc9bea3a0df145486fdc20ace223684c445d8e17af9043ba0230675714364,297668
deliverables/leadership_report/INTERCEPTOR_COOPERATIVE_GIMBAL_SEARCH_SOLUTION_CN.md,105,基础周扫与重点重访循环,assets/secondary_search_priority_cycle.png,/home/linux/Documents/MSM/deliverables/leadership_report/assets/secondary_search_priority_cycle.png,present,tracked,427d6fc5be3eac55b6a5a261a0e532504cd361b3722428e669b985ae6eae043d,246423
deliverables/leadership_report/INTERCEPTOR_COOPERATIVE_GIMBAL_SEARCH_SOLUTION_CN.md,115,未发现结果的概率更新,assets/search_probability_update.png,/home/linux/Documents/MSM/deliverables/leadership_report/assets/search_probability_update.png,present,tracked,66bd31680d068d30a9ed676035ea84c47a560009bca58d59a1d36df60fec259f,223862
deliverables/leadership_report/INTERCEPTOR_COOPERATIVE_GIMBAL_SEARCH_SOLUTION_CN.md,151,二级节点主持的搜索单元分配,assets/secondary_search_cell_allocation.png,/home/linux/Documents/MSM/deliverables/leadership_report/assets/secondary_search_cell_allocation.png,present,tracked,19833060cc39036ec95e8ee48e4611fed6529c949990a5af05fc3a2d736bdb50,321610
deliverables/leadership_report/INTERCEPTOR_COOPERATIVE_GIMBAL_SEARCH_SOLUTION_CN.md,157,主动搜索训练与在线执行闭环,assets/search_rl_training_inference.png,/home/linux/Documents/MSM/deliverables/leadership_report/assets/search_rl_training_inference.png,present,tracked,8fa55c9051e532ed904465d243a1f3ee17bc899ebf1876b6efefe6bf1c3467a2,304309
deliverables/leadership_report/INTERCEPTOR_COOPERATIVE_GIMBAL_SEARCH_SOLUTION_CN.md,167,二级节点向拦截无人机交接搜索线索,assets/secondary_interceptor_cue_handoff.png,/home/linux/Documents/MSM/deliverables/leadership_report/assets/secondary_interceptor_cue_handoff.png,present,tracked,fddb48a665882972a187c49d3aa8c6f7f1d6fae2b71308fc284457f59ceb33c6,293603
deliverables/leadership_report/INTERCEPTOR_COOPERATIVE_GIMBAL_SEARCH_SOLUTION_CN.md,177,二级节点失效后的搜索接替,assets/secondary_search_failover.png,/home/linux/Documents/MSM/deliverables/leadership_report/assets/secondary_search_failover.png,present,tracked,cbcbe56e31ec3c43fb4c30704de2aa14b0879f3da6faa9164b4bab005d9149ff,287798
deliverables/leadership_report/LOCAL_TARGET_ASSIGNMENT_SOLUTION_CN.md,13,区域二级节点常态本地分配,assets/secondary_local_assignment_architecture.png,/home/linux/Documents/MSM/deliverables/leadership_report/assets/secondary_local_assignment_architecture.png,present,tracked,5bf02474717af9b74193ce72320facc0232f2541d55af0d3144a341564081cdf,301244
deliverables/leadership_report/LOCAL_TARGET_ASSIGNMENT_SOLUTION_CN.md,41,本地目标分配的主要难点,assets/local_assignment_difficulty.png,/home/linux/Documents/MSM/deliverables/leadership_report/assets/local_assignment_difficulty.png,present,tracked,10904e17620889d4921b5bd61f1d62aa2e66d36b0e1369f388677ee04700d20e,348086
deliverables/leadership_report/LOCAL_TARGET_ASSIGNMENT_SOLUTION_CN.md,57,光电证据决定可发布的任务类型,assets/secondary_task_maturity_gate.png,/home/linux/Documents/MSM/deliverables/leadership_report/assets/secondary_task_maturity_gate.png,present,tracked,f3d012ed82ec066b115f0c057d1b7735fea52dadd5371a52112097ab3a254bdd,283617
deliverables/leadership_report/LOCAL_TARGET_ASSIGNMENT_SOLUTION_CN.md,69,学习增强分配的状态、动作和回报,assets/local_assignment_rl_state_action_reward.png,/home/linux/Documents/MSM/deliverables/leadership_report/assets/local_assignment_rl_state_action_reward.png,present,tracked,f253ea25cd21b5737abcd76058cac4e969a9fc200d095404409414b4c66d3f71,294667
deliverables/leadership_report/LOCAL_TARGET_ASSIGNMENT_SOLUTION_CN.md,115,二级节点本地分配的综合代价,assets/local_assignment_cost_components_secondary.png,/home/linux/Documents/MSM/deliverables/leadership_report/assets/local_assignment_cost_components_secondary.png,present,tracked,51659c7f6941db65040d0813dd0ed74a53bbcd7954ee288946d6f2f00c082cd5,267014
deliverables/leadership_report/LOCAL_TARGET_ASSIGNMENT_SOLUTION_CN.md,129,规则代价、学习修正与确定性求解流程,assets/local_assignment_cost_correction_flow.png,/home/linux/Documents/MSM/deliverables/leadership_report/assets/local_assignment_cost_correction_flow.png,present,tracked,2487ae4c2d01dced9093a712eac3461eb1dc5b89cd3d575b42a66166b836f240,295314
deliverables/leadership_report/LOCAL_TARGET_ASSIGNMENT_SOLUTION_CN.md,149,匈牙利算法形成区内一对一任务,assets/local_assignment_hungarian.png,/home/linux/Documents/MSM/deliverables/leadership_report/assets/local_assignment_hungarian.png,present,tracked,cfa1dc83b1ce0b01cd3131672ea287d185d48db437e55f2738aaef01c4e3f0bf,236591
deliverables/leadership_report/LOCAL_TARGET_ASSIGNMENT_SOLUTION_CN.md,155,高威胁目标的多资源任务槽,assets/local_assignment_multi_resource_slots.png,/home/linux/Documents/MSM/deliverables/leadership_report/assets/local_assignment_multi_resource_slots.png,present,tracked,f13b019ff259fd2f5fddb559f7b3ff4cdab0187869cd8e1aad8cfbcb4f841831,257787
deliverables/leadership_report/LOCAL_TARGET_ASSIGNMENT_SOLUTION_CN.md,171,二级节点计划的滚动更新和迟滞,assets/local_assignment_hysteresis.png,/home/linux/Documents/MSM/deliverables/leadership_report/assets/local_assignment_hysteresis.png,present,tracked,1965a8daa01eff9fc2602bcbd1d04787e79e4bcea36ec204d2586a23f64034dd,252641
deliverables/leadership_report/LOCAL_TARGET_ASSIGNMENT_SOLUTION_CN.md,181,相邻区域的目标责任和资源支援,assets/secondary_cross_region_support.png,/home/linux/Documents/MSM/deliverables/leadership_report/assets/secondary_cross_region_support.png,present,tracked,1c12570da76760fe77189f0b49c38cdd4feb027174cf169fdd95ce08580f12ba,247040
deliverables/leadership_report/LOCAL_TARGET_ASSIGNMENT_SOLUTION_CN.md,187,二级节点失效后的本地分配接替,assets/secondary_assignment_failover.png,/home/linux/Documents/MSM/deliverables/leadership_report/assets/secondary_assignment_failover.png,present,tracked,6ec6cf6c57057074706cf1048b79b8e612e58ab39fad71cecd2cc804a38aafd4,281441
deliverables/leadership_report/MULTIMODAL_FEATURE_FUSION_AND_TRACK_ASSOCIATION_SOLUTION_CN.md,21,多模态特征融合与航迹关联流程,assets/multimodal_track_association_data_flow.png,/home/linux/Documents/MSM/deliverables/leadership_report/assets/multimodal_track_association_data_flow.png,present,tracked,d81edb13f3073239e28b0c33a48c68885d7414bf736eef517f3ee9a8a4113760,248542
deliverables/leadership_report/MULTIMODAL_FEATURE_FUSION_AND_TRACK_ASSOCIATION_SOLUTION_CN.md,57,特征融合主线与两侧支撑,assets/multimodal_fusion_levels_comparison.png,/home/linux/Documents/MSM/deliverables/leadership_report/assets/multimodal_fusion_levels_comparison.png,present,tracked,c2846075cd632232c56f048ace43ade59352257ee065b8f9b417a656f1a4ae4b,245145
deliverables/leadership_report/MULTIMODAL_FEATURE_FUSION_AND_TRACK_ASSOCIATION_SOLUTION_CN.md,73,多级监督融合网络参考结构,assets/multimodal_multilevel_supervision_network.png,/home/linux/Documents/MSM/deliverables/leadership_report/assets/multimodal_multilevel_supervision_network.png,present,tracked,02b42ccdf691366d632e2fcb0c4d3478e3f903a5c5cd7813d9c85d6aaf937dd3,300959
deliverables/leadership_report/REGIONAL_ROLLING_SCHEDULING_REINFORCEMENT_LEARNING_SOLUTION_CN.md,35,区域调度四级状态,assets/regional_four_stage_flow.png,/home/linux/Documents/MSM/deliverables/leadership_report/assets/regional_four_stage_flow.png,present,tracked,2952df435dd1927dc801fdaaf395aca5235b757b9ae3493d41fe03d2dc8eefaa,317005
deliverables/leadership_report/REGIONAL_ROLLING_SCHEDULING_REINFORCEMENT_LEARNING_SOLUTION_CN.md,59,强化学习区域调度流程,../background/figures/200v200_learning_gnn/10_learning_regional_flow.png,/home/linux/Documents/MSM/deliverables/background/figures/200v200_learning_gnn/10_learning_regional_flow.png,present,tracked,bc50b2749fc4f1d94b6570bb5a8ead7b4ce87dce09a87a6e16693d5f2c764490,344928
deliverables/leadership_report/REGIONAL_ROLLING_SCHEDULING_REINFORCEMENT_LEARNING_SOLUTION_CN.md,73,区域调度三维示意,../background/figures/200v200_learning_gnn/11_learning_regional_3d.png,/home/linux/Documents/MSM/deliverables/background/figures/200v200_learning_gnn/11_learning_regional_3d.png,present,tracked,71cce305007d63b80a19577e202431dd791fe25e68459616911ba8da1ef37969,538894
deliverables/leadership_report/VISUAL_REGISTRATION_GEOMETRY_AND_HANDOVER_SOLUTION_CN.md,31,中心、二级节点和拦截无人机的三维配准场景,assets/visual_registration_overall_architecture_3d.png,/home/linux/Documents/MSM/deliverables/leadership_report/assets/visual_registration_overall_architecture_3d.png,present,tracked,6d24b007d8bcf7a01ada954f0cd3e469a8297dbd9f7172982af761c90a0a0bc6,378905
deliverables/leadership_report/VISUAL_REGISTRATION_GEOMETRY_AND_HANDOVER_SOLUTION_CN.md,63,单个像素反投影形成的深度歧义,assets/visual_registration_pixel_ray_depth_ambiguity.png,/home/linux/Documents/MSM/deliverables/leadership_report/assets/visual_registration_pixel_ray_depth_ambiguity.png,present,tracked,62ef1efd93f4dd4272d4e37e90bbd0092aac5364e04ccce4363d0c842c31f6bb,309827
deliverables/leadership_report/VISUAL_REGISTRATION_GEOMETRY_AND_HANDOVER_SOLUTION_CN.md,73,极平面、空间视线和像平面的三维关系,assets/visual_registration_epipolar_plane_3d.png,/home/linux/Documents/MSM/deliverables/leadership_report/assets/visual_registration_epipolar_plane_3d.png,present,tracked,3b0a9e815c7cd39e8e67a1096f9668c48699c27ba41df55b222b2b36da396ea9,328294
deliverables/leadership_report/VISUAL_REGISTRATION_GEOMETRY_AND_HANDOVER_SOLUTION_CN.md,122,位姿误差形成的极线概率带,assets/visual_registration_pose_uncertainty_3d.png,/home/linux/Documents/MSM/deliverables/leadership_report/assets/visual_registration_pose_uncertainty_3d.png,present,tracked,ade84a13289111cee3646266e0d888160eb6a721c5fd4bd7f8c093e885a40939,315531
deliverables/leadership_report/VISUAL_REGISTRATION_GEOMETRY_AND_HANDOVER_SOLUTION_CN.md,134,极线概率带和有限候选区域,assets/visual_registration_epipolar_candidate_region.png,/home/linux/Documents/MSM/deliverables/leadership_report/assets/visual_registration_epipolar_candidate_region.png,present,tracked,8e60b1981e82ba63e4cc4ca9a98936b155c5edc74b85490b0ae232486c0bad7a,315605
deliverables/leadership_report/VISUAL_REGISTRATION_GEOMETRY_AND_HANDOVER_SOLUTION_CN.md,146,异步拍摄条件下的三维运动补偿,assets/visual_registration_dynamic_time_alignment_3d.png,/home/linux/Documents/MSM/deliverables/leadership_report/assets/visual_registration_dynamic_time_alignment_3d.png,present,tracked,f08914d7c5a9c16110cafb1b42a2cdd6ee0dc041e33f33156ebd72f31b6ebcf6,353893
deliverables/leadership_report/VISUAL_REGISTRATION_GEOMETRY_AND_HANDOVER_SOLUTION_CN.md,158,两视角交会和双向重投影,assets/visual_registration_secondary_overlap_reprojection_3d.png,/home/linux/Documents/MSM/deliverables/leadership_report/assets/visual_registration_secondary_overlap_reprojection_3d.png,present,tracked,87c696eec79afa75c76639a25895f36e0aef627f29fba6cd727250ff58f19bb3,320074
deliverables/leadership_report/VISUAL_REGISTRATION_GEOMETRY_AND_HANDOVER_SOLUTION_CN.md,226,扇区基准航迹的可分与重叠,assets/visual_registration_coarse_track_overlap.png,/home/linux/Documents/MSM/deliverables/leadership_report/assets/visual_registration_coarse_track_overlap.png,present,tracked,77841628bc994b916a29a5f4a5f90db41dfe23e16fb7cac67a53232af17b296e,351519
deliverables/leadership_report/VISUAL_REGISTRATION_GEOMETRY_AND_HANDOVER_SOLUTION_CN.md,243,同一目标的五级证据链,assets/visual_registration_five_stage_evidence_chain.png,/home/linux/Documents/MSM/deliverables/leadership_report/assets/visual_registration_five_stage_evidence_chain.png,present,tracked,667a0dc6d01ca0b12b166d459c169ac88692e426ec8f2a669dcbee999118f487,320697
deliverables/leadership_report/VISUAL_REGISTRATION_GEOMETRY_AND_HANDOVER_SOLUTION_CN.md,264,非共同视场下的三维轨迹交接,assets/visual_registration_nonoverlap_handoff_3d.png,/home/linux/Documents/MSM/deliverables/leadership_report/assets/visual_registration_nonoverlap_handoff_3d.png,present,tracked,bf7824e5437b793ee9c1cf33d09928ade165f7f467aa6d082337eb9c40c95a22,270741
deliverables/leadership_report/VISUAL_REGISTRATION_GEOMETRY_AND_HANDOVER_SOLUTION_CN.md,276,主动补充视角和观察基线,assets/visual_registration_active_baseline_observation.png,/home/linux/Documents/MSM/deliverables/leadership_report/assets/visual_registration_active_baseline_observation.png,present,tracked,eccd4528e9dea97fb160a2c9e7f819d60479b600677a4844518a773947ceeee9,351110
deliverables/leadership_report/VISUAL_REGISTRATION_GEOMETRY_AND_HANDOVER_SOLUTION_CN.md,318,轨迹关系图的可观测边界,assets/visual_registration_graph_observability_boundary.png,/home/linux/Documents/MSM/deliverables/leadership_report/assets/visual_registration_graph_observability_boundary.png,present,tracked,8dfafc461bdcbd97014b20e4b2432a77a60e8cd70da4ec0c8632e5b05ca5c6c3,378366
deliverables/leadership_report/VISUAL_REGISTRATION_SECTION_CN.md,13,移动二级节点作为区域配准基准,assets/secondary_anchor_registration_overview.png,/home/linux/Documents/MSM/deliverables/leadership_report/assets/secondary_anchor_registration_overview.png,present,tracked,6ecaee915cfda171952cc72cb80981a3daf6ed821338c604c73adbdd13c26ac1,350305
deliverables/leadership_report/VISUAL_REGISTRATION_SECTION_CN.md,41,不同相机目标子集与配准难点,assets/visual_registration_multisubset_difficulty.png,/home/linux/Documents/MSM/deliverables/leadership_report/assets/visual_registration_multisubset_difficulty.png,present,tracked,07ac749c5644ddefab9395482d5b7e1afcecad96e19bbfb0b852c82fed7c5639,312159
deliverables/leadership_report/VISUAL_REGISTRATION_SECTION_CN.md,57,区域目标配准的证据顺序,assets/visual_registration_evidence_chain_secondary.png,/home/linux/Documents/MSM/deliverables/leadership_report/assets/visual_registration_evidence_chain_secondary.png,present,tracked,fae80f2731ba180d8f57e4da22a04c22fd9a8bd7831bcb90e3474a091cf66b29,253772
deliverables/leadership_report/VISUAL_REGISTRATION_SECTION_CN.md,67,轨迹图神经网络的节点、边和消息传递,assets/visual_registration_gnn_message_passing.png,/home/linux/Documents/MSM/deliverables/leadership_report/assets/visual_registration_gnn_message_passing.png,present,tracked,50e03b1c716442c545d6a0436801f6facd70d78c29eec8c43adb74e446e20a8f,361667
deliverables/leadership_report/VISUAL_REGISTRATION_SECTION_CN.md,111,盘旋平台观测的拍摄时刻补偿,assets/moving_platform_geometry_compensation.png,/home/linux/Documents/MSM/deliverables/leadership_report/assets/moving_platform_geometry_compensation.png,present,tracked,5948e5a9f7e20f039369cdf878202caa83b29ce880d160c971c3c493fcc959fd,288790
deliverables/leadership_report/VISUAL_REGISTRATION_SECTION_CN.md,125,二级节点与无人机的共同视场复核,assets/secondary_overlap_reprojection.png,/home/linux/Documents/MSM/deliverables/leadership_report/assets/secondary_overlap_reprojection.png,present,tracked,936385e3f599d8f64f54c9bb5104241a7ef2322d40f1c8430c0585092e62e183,276297
deliverables/leadership_report/VISUAL_REGISTRATION_SECTION_CN.md,131,非共同视场的二级节点桥接,assets/secondary_nonoverlap_bridge.png,/home/linux/Documents/MSM/deliverables/leadership_report/assets/secondary_nonoverlap_bridge.png,present,tracked,1ebad578809c6f08e9d4bcfcda8a1a99031b02f368cbbb6ce2393b110492e92d,232975
deliverables/leadership_report/VISUAL_REGISTRATION_SECTION_CN.md,149,密集目标的稀疏轨迹图,assets/visual_registration_dense_track_graph.png,/home/linux/Documents/MSM/deliverables/leadership_report/assets/visual_registration_dense_track_graph.png,present,tracked,aa226d9698c3a7b0cc09bd61adedba357b873deacac38741024f179d8fddf420,283030
deliverables/leadership_report/VISUAL_REGISTRATION_SECTION_CN.md,161,少量目标的一对一匹配,assets/visual_registration_small_target_matching.png,/home/linux/Documents/MSM/deliverables/leadership_report/assets/visual_registration_small_target_matching.png,present,tracked,9d818631380f62a42b55adfc691fc8d2a98f822eab9d3db3c14153cc91728d42,267957
deliverables/leadership_report/VISUAL_REGISTRATION_SECTION_CN.md,167,深度学习评分与确定性确认流程,assets/visual_registration_ai_safe_pipeline.png,/home/linux/Documents/MSM/deliverables/leadership_report/assets/visual_registration_ai_safe_pipeline.png,present,tracked,da0075c3bec995deac8e40920d0ecba6d39b79530dfeedb48d4893ca3c94ae25,283782
deliverables/leadership_report/VISUAL_REGISTRATION_SECTION_CN.md,179,区域临时目标编号与跨区映射,assets/regional_target_boundary_lifecycle.png,/home/linux/Documents/MSM/deliverables/leadership_report/assets/regional_target_boundary_lifecycle.png,present,tracked,082167fc5cf3caa32cc5bf3aec64c4c3b6fc6f58153011efab9fcb4823065eab,253825
deliverables/leadership_report/中心航迹与拦截无人机目标配准试验报告_CN.md,13,搜索完成后的中心航迹与机载局部航迹配准流程,../../research_modules/independent_experiments/center_terminal_cv_campaign/outputs/center_handover_sensor_error_20260820/figures/01_association_flow.png,/home/linux/Documents/MSM/research_modules/independent_experiments/center_terminal_cv_campaign/outputs/center_handover_sensor_error_20260820/figures/01_association_flow.png,present,ignored,89cd980d9205b05f93c6a03bd54c83027c560ad5e16cd3a4e07a1e5074905afd,167454
deliverables/leadership_report/中心航迹与拦截无人机目标配准试验报告_CN.md,23,末端相机坐标旋转链与安装偏移,assets/center_terminal_split_reports/07_terminal_pose_chain.png,/home/linux/Documents/MSM/deliverables/leadership_report/assets/center_terminal_split_reports/07_terminal_pose_chain.png,present,tracked,598fedf0fc823d0af51fc47f4ff7ab7ca5be361586ef1a85a5ae3364852eeaa4,164454
deliverables/leadership_report/中心航迹与拦截无人机目标配准试验报告_CN.md,31,中心航迹投影、候选评分和确认关系,assets/center_terminal_split_reports/07b_center_handover_principle.png,/home/linux/Documents/MSM/deliverables/leadership_report/assets/center_terminal_split_reports/07b_center_handover_principle.png,present,tracked,f071e2d6301a30b6dbe4cbd259132e3dbc16ca82221630ebdac6b81c89bc48ca,226039
deliverables/leadership_report/中心航迹与拦截无人机目标配准试验报告_CN.md,155,有卫星、正常姿态和轻干扰条件下的规模变化,../../research_modules/independent_experiments/center_terminal_cv_campaign/outputs/center_handover_sensor_error_20260820/figures/02_scale_results.png,/home/linux/Documents/MSM/research_modules/independent_experiments/center_terminal_cv_campaign/outputs/center_handover_sensor_error_20260820/figures/02_scale_results.png,present,ignored,03dbd6d8bd4660e124baa841c841514357e3206c841f20fcd6790be2829273bb,133359
deliverables/leadership_report/中心航迹与拦截无人机目标配准试验报告_CN.md,188,各误差条件下几何方法与冻结图网络结果,../../research_modules/independent_experiments/center_terminal_cv_campaign/outputs/center_handover_sensor_error_20260820/figures/03_error_heatmaps.png,/home/linux/Documents/MSM/research_modules/independent_experiments/center_terminal_cv_campaign/outputs/center_handover_sensor_error_20260820/figures/03_error_heatmaps.png,present,ignored,08a9ec8a30ca080f4910c79507117aaee23ca00070766b5109e695f76c1226d3,168190
deliverables/leadership_report/协同搜索试验报告_CN.md,13,中心粗线索条件下的协同搜索流程,assets/center_terminal_split_reports/search100_01_flow.png,/home/linux/Documents/MSM/deliverables/leadership_report/assets/center_terminal_split_reports/search100_01_flow.png,present,tracked,ab23772d1b63d65b977796909b93bd022342c722e1e156cdd17f6241aedeeb8c,131494
deliverables/leadership_report/协同搜索试验报告_CN.md,29,粗位置三倍标准差区域与搜索子单元,assets/center_terminal_split_reports/search100_02_cells_3d.png,/home/linux/Documents/MSM/deliverables/leadership_report/assets/center_terminal_split_reports/search100_02_cells_3d.png,present,tracked,9e5207d93ff32cc703f6e672e19f2d62c64b869f4dd3d0dda69b7eb6e701c16c,180005
deliverables/leadership_report/协同搜索试验报告_CN.md,132,三种规模和误差下的目标发现与连续确认,assets/center_terminal_split_reports/search100_03_results.png,/home/linux/Documents/MSM/deliverables/leadership_report/assets/center_terminal_split_reports/search100_03_results.png,present,tracked,b6704503eb92d71280da4ce45173289c517476f1c85f460cb0aa776cc645bfd4,88353
deliverables/leadership_report/协同搜索试验报告_CN.md,140,真实视锥覆盖与18秒预算内剩余任务,assets/center_terminal_split_reports/search100_04_coverage_budget.png,/home/linux/Documents/MSM/deliverables/leadership_report/assets/center_terminal_split_reports/search100_04_coverage_budget.png,present,tracked,f723ffe9f9c618df1107a8c0dd79f3fe134050ee40561d781492eb64c6da24c3,158112
deliverables/leadership_report/协同搜索试验报告_CN.md,160,首次发现时间与滚动分配计算时间,assets/center_terminal_split_reports/search100_05_timing.png,/home/linux/Documents/MSM/deliverables/leadership_report/assets/center_terminal_split_reports/search100_05_timing.png,present,tracked,4477a99f5ae3a75ea5a100ddbbe96930bf8532a842de6de3eed3e6929da4d9c3,254518
deliverables/leadership_report/双光电多目标轨迹配准与交汇定位试验报告_CN.md,13,双光电多目标轨迹配准与交汇定位流程,assets/dual_optical_registration_report/01_algorithm_flow.png,/home/linux/Documents/MSM/deliverables/leadership_report/assets/dual_optical_registration_report/01_algorithm_flow.png,present,tracked,0caee5712db26972d41a8422418634b960f07ba8efaace8a0f9f44283e92f5c8,1704871
deliverables/leadership_report/双光电多目标轨迹配准与交汇定位试验报告_CN.md,21,单站检测点形成连续航迹及断轨风险,assets/dual_optical_registration_report/02_single_station_tracking.png,/home/linux/Documents/MSM/deliverables/leadership_report/assets/dual_optical_registration_report/02_single_station_tracking.png,present,tracked,bff6b26a972ed5dfd846a99242a0377664bd8342006dcebea1b179951f751227,334819
deliverables/leadership_report/双光电多目标轨迹配准与交汇定位试验报告_CN.md,29,双站视线的三维共面筛选,assets/dual_optical_registration_report/03_coplanarity_screening_3d.png,/home/linux/Documents/MSM/deliverables/leadership_report/assets/dual_optical_registration_report/03_coplanarity_screening_3d.png,present,tracked,edfa7d3727369a91131d0c6c1b1633198c1b7f98989bc7bd58842d71a2312097,232384
deliverables/leadership_report/双光电多目标轨迹配准与交汇定位试验报告_CN.md,37,双站局部航迹对应关系待确定,assets/dual_optical_registration_report/04a_local_tracks_before_registration.png,/home/linux/Documents/MSM/deliverables/leadership_report/assets/dual_optical_registration_report/04a_local_tracks_before_registration.png,present,tracked,d0c67a9791ee564bac8d6fb05878bc4f036216afb010e3b4c23f14c6ab80f226,974313
deliverables/leadership_report/双光电多目标轨迹配准与交汇定位试验报告_CN.md,39,候选关系经图神经网络评分和一一分配后收敛,assets/dual_optical_registration_report/04b_candidate_graph_gnn_assignment.png,/home/linux/Documents/MSM/deliverables/leadership_report/assets/dual_optical_registration_report/04b_candidate_graph_gnn_assignment.png,present,tracked,4a12344be1004b05a7ee5bd7d4235f35a799a6b09093a7ad4179b2dea2afc935,1197670
deliverables/leadership_report/双光电多目标轨迹配准与交汇定位试验报告_CN.md,53,多时刻双射线交汇定位原理,assets/dual_optical_registration_report/05_multitime_triangulation_3d.png,/home/linux/Documents/MSM/deliverables/leadership_report/assets/dual_optical_registration_report/05_multitime_triangulation_3d.png,present,tracked,e406156aee41a41ccee94a27fd90c3ae5d4d76f347092bb0976dc2a03c6cc7b4,267013
deliverables/leadership_report/双光电多目标轨迹配准与交汇定位试验报告_CN.md,74,两台固定光电与多方向运动目标,assets/dual_optical_registration_report/06_airsim_scene_40_targets_cn.png,/home/linux/Documents/MSM/deliverables/leadership_report/assets/dual_optical_registration_report/06_airsim_scene_40_targets_cn.png,present,tracked,4bb16a2b9f0c4b0c2eb052d7bee7f2e2b764e811fe63845ceefb9ddcf9e3a89d,299944
deliverables/leadership_report/双光电多目标轨迹配准与交汇定位试验报告_CN.md,78,仿真检测函数形成的两站匿名检测框示意,assets/dual_optical_registration_report/07_airsim_optical_observations_cn.png,/home/linux/Documents/MSM/deliverables/leadership_report/assets/dual_optical_registration_report/07_airsim_optical_observations_cn.png,present,tracked,0570a0a6cbe1f5331f9b20679fb14e24bd9f4e3c97e02220836e4bf517fa68f3,798260
deliverables/leadership_report/双光电多目标轨迹配准与交汇定位试验报告_CN.md,119,360度理想单站条件下的质量与耗时,assets/dual_optical_registration_report/13_v2_oracle_quality_timing.png,/home/linux/Documents/MSM/deliverables/leadership_report/assets/dual_optical_registration_report/13_v2_oracle_quality_timing.png,present,tracked,46614f09cdd57bebada37b724d223ef1f2a6b4c5c697c2d02c38322117520d9c,167159
deliverables/leadership_report/双光电多目标轨迹配准与交汇定位试验报告_CN.md,148,360度实际单站航迹精度和覆盖度,assets/dual_optical_registration_report/14_v2_continuous_single_station.png,/home/linux/Documents/MSM/deliverables/leadership_report/assets/dual_optical_registration_report/14_v2_continuous_single_station.png,present,tracked,bec82400ec53556fde9bae78f8f9902f105093215e06acaf30a0f99d000e7f6c,158268
deliverables/leadership_report/双光电多目标轨迹配准与交汇定位试验报告_CN.md,183,360度实际单站条件下两种方法的最终质量,assets/dual_optical_registration_report/15_v2_continuous_dual_matrix.png,/home/linux/Documents/MSM/deliverables/leadership_report/assets/dual_optical_registration_report/15_v2_continuous_dual_matrix.png,present,tracked,8124c992a43f3be9ea26650ca310e20ca9e402532970d67cd35694645ce5ad73,150959
deliverables/leadership_report/双光电多目标轨迹配准与交汇定位试验报告_CN.md,212,180度扫描的单站航迹精度和覆盖度,assets/dual_optical_registration_report/16_v2_s180_single_station.png,/home/linux/Documents/MSM/deliverables/leadership_report/assets/dual_optical_registration_report/16_v2_s180_single_station.png,present,tracked,8790a0a7a7dc24f9d5b9298021a899507184b7e82e4c5ce3d11771c002745ef8,158063
deliverables/leadership_report/双光电多目标轨迹配准与交汇定位试验报告_CN.md,245,180度扫描条件下两种方法的最终质量,assets/dual_optical_registration_report/16b_v2_s180_dual_matrix.png,/home/linux/Documents/MSM/deliverables/leadership_report/assets/dual_optical_registration_report/16b_v2_s180_dual_matrix.png,present,tracked,205367b712a2b728539aad64d6d0827145b90e73fdb3515e66240ebdf2207c82,150877
deliverables/leadership_report/双光电多目标轨迹配准与交汇定位试验报告_CN.md,251,三类复算的处理耗时与1000毫秒期限,assets/dual_optical_registration_report/17_v2_latency_deadline.png,/home/linux/Documents/MSM/deliverables/leadership_report/assets/dual_optical_registration_report/17_v2_latency_deadline.png,present,tracked,4ee1fbead3e083ba337fb7c0165af8cc18bd0ccd7bf018a80c5686685ec0c380,130553
deliverables/leadership_report/双光电多目标轨迹配准与交汇定位试验报告_CN.md,253,单站航迹覆盖度与双站配准覆盖度关系,assets/dual_optical_registration_report/18_v2_local_dual_correlation.png,/home/linux/Documents/MSM/deliverables/leadership_report/assets/dual_optical_registration_report/18_v2_local_dual_correlation.png,present,tracked,c1a5ee77fd8e62e1a8feeda9c9a1e03405aacab38d5cb91975077c2cea112053,243733
deliverables/leadership_report/双光电多目标轨迹配准与交汇定位试验报告_CN.md,269,40目标交汇定位位置与速度误差,assets/dual_optical_registration_report/10_ranging_reconstruction_and_error.png,/home/linux/Documents/MSM/deliverables/leadership_report/assets/dual_optical_registration_report/10_ranging_reconstruction_and_error.png,present,tracked,72357f7e37b0d5a01d4a8793e1e76c72f4764f55aaf3823e8c35ac9450295f37,298678
deliverables/leadership_report/末端目标配准试验报告_CN.md,17,中心交接与机间配准总体流程,assets/center_terminal_split_reports/06_terminal_flow.png,/home/linux/Documents/MSM/deliverables/leadership_report/assets/center_terminal_split_reports/06_terminal_flow.png,present,tracked,779296671d8f92d7cba99c795b0c766152895b94f409d08b3b8d13ea70809764,196611
deliverables/leadership_report/末端目标配准试验报告_CN.md,43,相机坐标旋转与安装偏移,assets/center_terminal_split_reports/07_terminal_pose_chain.png,/home/linux/Documents/MSM/deliverables/leadership_report/assets/center_terminal_split_reports/07_terminal_pose_chain.png,present,tracked,598fedf0fc823d0af51fc47f4ff7ab7ca5be361586ef1a85a5ae3364852eeaa4,164454
deliverables/leadership_report/末端目标配准试验报告_CN.md,66,中心航迹与机载航迹交接原理,assets/center_terminal_split_reports/07b_center_handover_principle.png,/home/linux/Documents/MSM/deliverables/leadership_report/assets/center_terminal_split_reports/07b_center_handover_principle.png,present,tracked,f071e2d6301a30b6dbe4cbd259132e3dbc16ca82221630ebdac6b81c89bc48ca,226039
deliverables/leadership_report/末端目标配准试验报告_CN.md,76,双视线交会与多时刻运动核对原理,assets/center_terminal_split_reports/10_crossview_rays.png,/home/linux/Documents/MSM/deliverables/leadership_report/assets/center_terminal_split_reports/10_crossview_rays.png,present,tracked,afcec907578958b08e4ba64446473851651b68cdc19bbb58739c752ab4899d30,90403
deliverables/leadership_report/末端目标配准试验报告_CN.md,106,机间配准六类硬门控及当前阈值,assets/center_terminal_split_reports/10b_crossview_hard_gates.png,/home/linux/Documents/MSM/deliverables/leadership_report/assets/center_terminal_split_reports/10b_crossview_hard_gates.png,present,tracked,83ce6915c16442819cf481c84a6012997730613b7e79f774b8bca35934980916,213923
deliverables/leadership_report/末端目标配准试验报告_CN.md,118,视场区内候选评分与一一匹配流程,assets/center_terminal_split_reports/11b_crossview_assignment_principle.png,/home/linux/Documents/MSM/deliverables/leadership_report/assets/center_terminal_split_reports/11b_crossview_assignment_principle.png,present,tracked,b358ca71923d181e35c7ade71adba7ee15d96e72fa3e34540331fc5e37343cce,133761
deliverables/leadership_report/末端目标配准试验报告_CN.md,172,三组中心交接的几何与图网络结果,assets/center_terminal_split_reports/08_handover_results.png,/home/linux/Documents/MSM/deliverables/leadership_report/assets/center_terminal_split_reports/08_handover_results.png,present,tracked,77644162d88ed87a91ddfcb3791592b38509bea05071b962ad0843dbe63c8b27,76637
deliverables/leadership_report/末端目标配准试验报告_CN.md,174,中心预测范围与机载观测匹配实例,assets/center_terminal_split_reports/09_projection_ellipse_matching.png,/home/linux/Documents/MSM/deliverables/leadership_report/assets/center_terminal_split_reports/09_projection_ellipse_matching.png,present,tracked,39be1c37abc77e10a7e0f4a7c7eae98d4a22904a6412909caa004faf092ea80b,46056
deliverables/leadership_report/末端目标配准试验报告_CN.md,206,20目标/30机场景的匿名机载局部航迹,assets/center_terminal_split_reports/13_local_pixel_tracks.png,/home/linux/Documents/MSM/deliverables/leadership_report/assets/center_terminal_split_reports/13_local_pixel_tracks.png,present,tracked,b12d55b0e8de65c1c5e4cc01469a98d7beb3eec02a6568671b16c0e580834c81,168817
deliverables/leadership_report/末端目标配准试验报告_CN.md,208,20目标/30机场景的跨相机关联结果,assets/center_terminal_split_reports/14_crossview_relation_graph.png,/home/linux/Documents/MSM/deliverables/leadership_report/assets/center_terminal_split_reports/14_crossview_relation_graph.png,present,tracked,c2ddfa29ed44659cab3e0bc8f3e50d43a6a4b9eb0a9925283ccc98ea20d21071,139634
deliverables/leadership_report/末端目标配准试验报告_CN.md,210,视场区几何与图网络结果对比,assets/center_terminal_split_reports/12_terminal_metric_comparison.png,/home/linux/Documents/MSM/deliverables/leadership_report/assets/center_terminal_split_reports/12_terminal_metric_comparison.png,present,tracked,9dd4df144af5906feb4d46c58d8da962441f3885a8a672970d3246415ce9cd93,90469
deliverables/patents/基于图神经网络的双光电多目标轨迹配准与交会定位方法_CN.md,14,图1 双光电多目标轨迹配准与交会定位总流程,assets/patent2/fig1_overall_flow.png,/home/linux/Documents/MSM/deliverables/patents/assets/patent2/fig1_overall_flow.png,present,tracked,fbffe9b503453b58a15e49924df1b4efc01d2487104ee8d1ebc8588a71adaf74,224409
deliverables/patents/基于图神经网络的双光电多目标轨迹配准与交会定位方法_CN.md,134,图2 检测框中心像素转换为空间单位视线,assets/patent2/fig2_pixel_to_ray.png,/home/linux/Documents/MSM/deliverables/patents/assets/patent2/fig2_pixel_to_ray.png,present,tracked,a8c7ff524a0bb22b1b84d611ed1ab55bb7f77e4c39d01dae47c885b38cb925d2,181055
deliverables/patents/基于图神经网络的双光电多目标轨迹配准与交会定位方法_CN.md,136,图3 同一扫描检测合并及单站角航迹形成,assets/patent2/fig3_scanlet_angular_track.png,/home/linux/Documents/MSM/deliverables/patents/assets/patent2/fig3_scanlet_angular_track.png,present,tracked,d85066e190397149450daaa4a9bef043c434ef9dc001fbab88161191addfa13c,194868
deliverables/patents/基于图神经网络的双光电多目标轨迹配准与交会定位方法_CN.md,138,图4 协方差归一化共面筛选与稀疏二分图,assets/patent2/fig4_coplanar_sparse_graph.png,/home/linux/Documents/MSM/deliverables/patents/assets/patent2/fig4_coplanar_sparse_graph.png,present,tracked,f1b7d8ddaa8910a6f28856d0e2048bef0e7f9adf15bbfabe51ac1c544a331a19,286872
deliverables/patents/基于图神经网络的双光电多目标轨迹配准与交会定位方法_CN.md,140,图5 图网络候选评分与带未匹配项的一一匹配,assets/patent2/fig5_gnn_assignment.png,/home/linux/Documents/MSM/deliverables/patents/assets/patent2/fig5_gnn_assignment.png,present,tracked,11400d3fb3f2c5a678c93e2266148f4077f01b2d75811bac711b4fb1fd526c16,216853
deliverables/patents/基于图神经网络的双光电多目标轨迹配准与交会定位方法_CN.md,142,图6 双视线最近点交会定位与多时刻三维拟合,assets/patent2/fig6_triangulation.png,/home/linux/Documents/MSM/deliverables/patents/assets/patent2/fig6_triangulation.png,present,tracked,ff5660ad59e89f1a2d97ae785d125dfc28256f2efec4522f6e10e0db89b41618,258064
deliverables/patents/基于多智能体决策的集群无人机协同反无人机系统_CN.md,14,图1 集群无人机协同反无人机系统架构,assets/patent1/fig01_system_architecture.png,/home/linux/Documents/MSM/deliverables/patents/assets/patent1/fig01_system_architecture.png,present,tracked,d25f5ba49f2f9702f0b8d46f49e6f8bfd827f887b3d7048e8b9e17f5d74e9759,155665
deliverables/patents/基于多智能体决策的集群无人机协同反无人机系统_CN.md,122,图2 区域状态图与稀疏目标—资源候选图,assets/patent1/fig02_region_and_candidate_graphs.png,/home/linux/Documents/MSM/deliverables/patents/assets/patent1/fig02_region_and_candidate_graphs.png,present,tracked,e8e3aac4f1ff41dc8386023de1f0a42480273b7abc3cdb6798cfdd386cf4191f,261962
deliverables/patents/基于多智能体决策的集群无人机协同反无人机系统_CN.md,124,图3 学习修正、幅度约束与确定性安全投影,assets/patent1/fig03_learning_and_safety_projection.png,/home/linux/Documents/MSM/deliverables/patents/assets/patent1/fig03_learning_and_safety_projection.png,present,tracked,290ccfa3acc207d65fc0f7c563ea0192d3aa17761bb425664ee99497bbb0ffa9,159595
deliverables/patents/基于多智能体决策的集群无人机协同反无人机系统_CN.md,126,图4 确定性一一分配与多资源任务展开,assets/patent1/fig04_deterministic_assignment.png,/home/linux/Documents/MSM/deliverables/patents/assets/patent1/fig04_deterministic_assignment.png,present,tracked,d6c179288029ea9d9901237f7a898236fe02cf96bc845a3a3750932d02082f8c,141200
deliverables/patents/基于多智能体决策的集群无人机协同反无人机系统_CN.md,128,图5 滚动重规划、版本递增与计划有效期,assets/patent1/fig05_rolling_plan_versions.png,/home/linux/Documents/MSM/deliverables/patents/assets/patent1/fig05_rolling_plan_versions.png,present,tracked,947d68f478f8d1112be3fcccab1542529a47235c0e2d8cc125117e849984d9b5,145290
deliverables/patents/基于多智能体决策的集群无人机协同反无人机系统_CN.md,130,图6 分级降级接管与受影响任务重算,assets/patent1/fig06_degraded_takeover.png,/home/linux/Documents/MSM/deliverables/patents/assets/patent1/fig06_degraded_takeover.png,present,tracked,ef58a66ec6bf5b467a9e1f1e4229a5816ee8beded80870f104bfe0ebdcdac1f7,165216
deliverables/project_proposals/大模型辅助评估项目建议书.md,248,大模型辅助评估总体技术方案,assets/%E5%A4%A7%E6%A8%A1%E5%9E%8B%E8%BE%85%E5%8A%A9%E8%AF%84%E4%BC%B0%E6%80%BB%E4%BD%93%E6%8A%80%E6%9C%AF%E6%96%B9%E6%A1%88.png,/home/linux/Documents/MSM/deliverables/project_proposals/assets/大模型辅助评估总体技术方案.png,present,tracked,e242914414ff26b58a54c4878c30e261b61b9236e969830e64ec05825eccc4ad,407795
deliverables/project_proposals/无人机协同拦截项目建议书.md,274,图4-1 无人机协同拦截总体技术方案,assets/%E6%97%A0%E4%BA%BA%E6%9C%BA%E5%8D%8F%E5%90%8C%E6%8B%A6%E6%88%AA%E6%80%BB%E4%BD%93%E6%8A%80%E6%9C%AF%E6%96%B9%E6%A1%88.png,/home/linux/Documents/MSM/deliverables/project_proposals/assets/无人机协同拦截总体技术方案.png,present,tracked,9972db21b2a1a43c0c4ddbc95616f120da4c54550efae59c22855c7103138925,504903
deliverables/project_proposals/无人机协同探测项目建议书.md,252,无人机协同探测总体技术方案,assets/%E6%97%A0%E4%BA%BA%E6%9C%BA%E5%8D%8F%E5%90%8C%E6%8E%A2%E6%B5%8B%E6%80%BB%E4%BD%93%E6%8A%80%E6%9C%AF%E6%96%B9%E6%A1%88.png,/home/linux/Documents/MSM/deliverables/project_proposals/assets/无人机协同探测总体技术方案.png,present,tracked,738f0edd0b115a0585c1f84632eda9c8331beb609400b5aaab48d1f2bc7568c3,489106
