frame_index,timestamp,camera_id,camera_owner,camera_role,detector_backend,online_detection_count,offline_visible_target_count,offline_matched_detection_count
0,0.0,D5_Primary_1:0,D5_Primary_1,primary,airsim,3,3,3
0,0.0,D5_Primary_2:0,D5_Primary_2,primary,airsim,4,4,4
0,0.0,D5_Primary_3:0,D5_Primary_3,primary,airsim,5,5,5
0,0.0,D5_Primary_4:0,D5_Primary_4,primary,airsim,4,4,4
0,0.0,D5_Primary_5:0,D5_Primary_5,primary,airsim,3,3,3
0,0.0,D5_Recon_1:0,D5_Recon_1,recon,airsim,5,5,5
1,0.25,D5_Primary_1:0,D5_Primary_1,primary,airsim,3,3,3
1,0.25,D5_Primary_2:0,D5_Primary_2,primary,airsim,4,4,4
1,0.25,D5_Primary_3:0,D5_Primary_3,primary,airsim,5,5,5
1,0.25,D5_Primary_4:0,D5_Primary_4,primary,airsim,4,4,4
1,0.25,D5_Primary_5:0,D5_Primary_5,primary,airsim,3,3,3
1,0.25,D5_Recon_1:0,D5_Recon_1,recon,airsim,5,5,5
2,0.5,D5_Primary_1:0,D5_Primary_1,primary,airsim,3,3,3
2,0.5,D5_Primary_2:0,D5_Primary_2,primary,airsim,4,4,4
2,0.5,D5_Primary_3:0,D5_Primary_3,primary,airsim,5,5,5
2,0.5,D5_Primary_4:0,D5_Primary_4,primary,airsim,4,4,4
2,0.5,D5_Primary_5:0,D5_Primary_5,primary,airsim,3,3,3
2,0.5,D5_Recon_1:0,D5_Recon_1,recon,airsim,5,5,5
3,0.75,D5_Primary_1:0,D5_Primary_1,primary,airsim,3,3,3
3,0.75,D5_Primary_2:0,D5_Primary_2,primary,airsim,4,4,4
3,0.75,D5_Primary_3:0,D5_Primary_3,primary,airsim,5,5,5
3,0.75,D5_Primary_4:0,D5_Primary_4,primary,airsim,4,4,4
3,0.75,D5_Primary_5:0,D5_Primary_5,primary,airsim,3,3,3
3,0.75,D5_Recon_1:0,D5_Recon_1,recon,airsim,5,5,5
4,1.0,D5_Primary_1:0,D5_Primary_1,primary,airsim,3,3,3
4,1.0,D5_Primary_2:0,D5_Primary_2,primary,airsim,4,4,4
4,1.0,D5_Primary_3:0,D5_Primary_3,primary,airsim,4,4,4
4,1.0,D5_Primary_4:0,D5_Primary_4,primary,airsim,4,4,4
4,1.0,D5_Primary_5:0,D5_Primary_5,primary,airsim,3,3,3
4,1.0,D5_Recon_1:0,D5_Recon_1,recon,airsim,5,5,5
5,1.25,D5_Primary_1:0,D5_Primary_1,primary,airsim,3,3,3
5,1.25,D5_Primary_2:0,D5_Primary_2,primary,airsim,4,4,4
5,1.25,D5_Primary_3:0,D5_Primary_3,primary,airsim,4,4,4
5,1.25,D5_Primary_4:0,D5_Primary_4,primary,airsim,4,4,4
5,1.25,D5_Primary_5:0,D5_Primary_5,primary,airsim,3,3,3
5,1.25,D5_Recon_1:0,D5_Recon_1,recon,airsim,5,5,5
6,1.5,D5_Primary_1:0,D5_Primary_1,primary,airsim,3,3,3
6,1.5,D5_Primary_2:0,D5_Primary_2,primary,airsim,4,4,4
6,1.5,D5_Primary_3:0,D5_Primary_3,primary,airsim,5,5,5
6,1.5,D5_Primary_4:0,D5_Primary_4,primary,airsim,4,4,4
6,1.5,D5_Primary_5:0,D5_Primary_5,primary,airsim,3,3,3
6,1.5,D5_Recon_1:0,D5_Recon_1,recon,airsim,5,5,5
7,1.75,D5_Primary_1:0,D5_Primary_1,primary,airsim,3,3,3
7,1.75,D5_Primary_2:0,D5_Primary_2,primary,airsim,4,4,4
7,1.75,D5_Primary_3:0,D5_Primary_3,primary,airsim,5,5,5
7,1.75,D5_Primary_4:0,D5_Primary_4,primary,airsim,4,4,4
7,1.75,D5_Primary_5:0,D5_Primary_5,primary,airsim,3,3,3
7,1.75,D5_Recon_1:0,D5_Recon_1,recon,airsim,5,5,5
8,2.0,D5_Primary_1:0,D5_Primary_1,primary,airsim,3,3,3
8,2.0,D5_Primary_2:0,D5_Primary_2,primary,airsim,4,4,4
8,2.0,D5_Primary_3:0,D5_Primary_3,primary,airsim,5,5,5
8,2.0,D5_Primary_4:0,D5_Primary_4,primary,airsim,4,4,4
8,2.0,D5_Primary_5:0,D5_Primary_5,primary,airsim,3,3,3
8,2.0,D5_Recon_1:0,D5_Recon_1,recon,airsim,5,5,5
9,2.25,D5_Primary_1:0,D5_Primary_1,primary,airsim,3,3,3
9,2.25,D5_Primary_2:0,D5_Primary_2,primary,airsim,4,4,4
9,2.25,D5_Primary_3:0,D5_Primary_3,primary,airsim,5,5,5
9,2.25,D5_Primary_4:0,D5_Primary_4,primary,airsim,4,4,4
9,2.25,D5_Primary_5:0,D5_Primary_5,primary,airsim,3,3,3
9,2.25,D5_Recon_1:0,D5_Recon_1,recon,airsim,5,5,5
10,2.5,D5_Primary_1:0,D5_Primary_1,primary,airsim,2,2,2
10,2.5,D5_Primary_2:0,D5_Primary_2,primary,airsim,4,4,4
10,2.5,D5_Primary_3:0,D5_Primary_3,primary,airsim,5,5,5
10,2.5,D5_Primary_4:0,D5_Primary_4,primary,airsim,4,4,4
10,2.5,D5_Primary_5:0,D5_Primary_5,primary,airsim,3,3,3
10,2.5,D5_Recon_1:0,D5_Recon_1,recon,airsim,3,3,3
11,2.75,D5_Primary_1:0,D5_Primary_1,primary,airsim,3,3,3
11,2.75,D5_Primary_2:0,D5_Primary_2,primary,airsim,4,4,4
11,2.75,D5_Primary_3:0,D5_Primary_3,primary,airsim,5,5,5
11,2.75,D5_Primary_4:0,D5_Primary_4,primary,airsim,4,4,4
11,2.75,D5_Primary_5:0,D5_Primary_5,primary,airsim,3,3,3
11,2.75,D5_Recon_1:0,D5_Recon_1,recon,airsim,5,5,5
12,3.0,D5_Primary_1:0,D5_Primary_1,primary,airsim,3,3,3
12,3.0,D5_Primary_2:0,D5_Primary_2,primary,airsim,4,4,4
12,3.0,D5_Primary_3:0,D5_Primary_3,primary,airsim,5,5,5
12,3.0,D5_Primary_4:0,D5_Primary_4,primary,airsim,4,4,4
12,3.0,D5_Primary_5:0,D5_Primary_5,primary,airsim,3,3,3
12,3.0,D5_Recon_1:0,D5_Recon_1,recon,airsim,5,5,5
13,3.25,D5_Primary_1:0,D5_Primary_1,primary,airsim,2,2,2
13,3.25,D5_Primary_2:0,D5_Primary_2,primary,airsim,4,4,4
13,3.25,D5_Primary_3:0,D5_Primary_3,primary,airsim,5,5,5
13,3.25,D5_Primary_4:0,D5_Primary_4,primary,airsim,2,2,2
13,3.25,D5_Primary_5:0,D5_Primary_5,primary,airsim,2,2,2
13,3.25,D5_Recon_1:0,D5_Recon_1,recon,airsim,5,5,5
14,3.5,D5_Primary_1:0,D5_Primary_1,primary,airsim,3,3,3
14,3.5,D5_Primary_2:0,D5_Primary_2,primary,airsim,4,4,4
14,3.5,D5_Primary_3:0,D5_Primary_3,primary,airsim,5,5,5
14,3.5,D5_Primary_4:0,D5_Primary_4,primary,airsim,4,4,4
14,3.5,D5_Primary_5:0,D5_Primary_5,primary,airsim,3,3,3
14,3.5,D5_Recon_1:0,D5_Recon_1,recon,airsim,5,5,5
15,3.75,D5_Primary_1:0,D5_Primary_1,primary,airsim,3,3,3
15,3.75,D5_Primary_2:0,D5_Primary_2,primary,airsim,4,4,4
15,3.75,D5_Primary_3:0,D5_Primary_3,primary,airsim,5,5,5
15,3.75,D5_Primary_4:0,D5_Primary_4,primary,airsim,4,4,4
15,3.75,D5_Primary_5:0,D5_Primary_5,primary,airsim,3,3,3
15,3.75,D5_Recon_1:0,D5_Recon_1,recon,airsim,5,5,5
16,4.0,D5_Primary_1:0,D5_Primary_1,primary,airsim,0,0,0
16,4.0,D5_Primary_2:0,D5_Primary_2,primary,airsim,4,4,4
16,4.0,D5_Primary_3:0,D5_Primary_3,primary,airsim,5,5,5
16,4.0,D5_Primary_4:0,D5_Primary_4,primary,airsim,4,4,4
16,4.0,D5_Primary_5:0,D5_Primary_5,primary,airsim,3,3,3
16,4.0,D5_Recon_1:0,D5_Recon_1,recon,airsim,5,5,5
17,4.25,D5_Primary_1:0,D5_Primary_1,primary,airsim,3,3,3
17,4.25,D5_Primary_2:0,D5_Primary_2,primary,airsim,4,4,4
17,4.25,D5_Primary_3:0,D5_Primary_3,primary,airsim,4,4,4
17,4.25,D5_Primary_4:0,D5_Primary_4,primary,airsim,3,3,3
17,4.25,D5_Primary_5:0,D5_Primary_5,primary,airsim,3,3,3
17,4.25,D5_Recon_1:0,D5_Recon_1,recon,airsim,5,5,5
18,4.5,D5_Primary_1:0,D5_Primary_1,primary,airsim,3,3,3
18,4.5,D5_Primary_2:0,D5_Primary_2,primary,airsim,4,4,4
18,4.5,D5_Primary_3:0,D5_Primary_3,primary,airsim,5,5,5
18,4.5,D5_Primary_4:0,D5_Primary_4,primary,airsim,4,4,4
18,4.5,D5_Primary_5:0,D5_Primary_5,primary,airsim,3,3,3
18,4.5,D5_Recon_1:0,D5_Recon_1,recon,airsim,5,5,5
19,4.75,D5_Primary_1:0,D5_Primary_1,primary,airsim,3,3,3
19,4.75,D5_Primary_2:0,D5_Primary_2,primary,airsim,4,4,4
19,4.75,D5_Primary_3:0,D5_Primary_3,primary,airsim,5,5,5
19,4.75,D5_Primary_4:0,D5_Primary_4,primary,airsim,4,4,4
19,4.75,D5_Primary_5:0,D5_Primary_5,primary,airsim,3,3,3
19,4.75,D5_Recon_1:0,D5_Recon_1,recon,airsim,5,5,5
20,5.0,D5_Primary_1:0,D5_Primary_1,primary,airsim,3,3,3
20,5.0,D5_Primary_2:0,D5_Primary_2,primary,airsim,3,3,3
20,5.0,D5_Primary_3:0,D5_Primary_3,primary,airsim,5,5,5
20,5.0,D5_Primary_4:0,D5_Primary_4,primary,airsim,4,4,4
20,5.0,D5_Primary_5:0,D5_Primary_5,primary,airsim,3,3,3
20,5.0,D5_Recon_1:0,D5_Recon_1,recon,airsim,5,5,5
21,5.25,D5_Primary_1:0,D5_Primary_1,primary,airsim,4,4,4
21,5.25,D5_Primary_2:0,D5_Primary_2,primary,airsim,2,2,2
21,5.25,D5_Primary_3:0,D5_Primary_3,primary,airsim,5,5,5
21,5.25,D5_Primary_4:0,D5_Primary_4,primary,airsim,4,4,4
21,5.25,D5_Primary_5:0,D5_Primary_5,primary,airsim,3,3,3
21,5.25,D5_Recon_1:0,D5_Recon_1,recon,airsim,5,5,5
22,5.5,D5_Primary_1:0,D5_Primary_1,primary,airsim,4,4,4
22,5.5,D5_Primary_2:0,D5_Primary_2,primary,airsim,4,4,4
22,5.5,D5_Primary_3:0,D5_Primary_3,primary,airsim,5,5,5
22,5.5,D5_Primary_4:0,D5_Primary_4,primary,airsim,4,4,4
22,5.5,D5_Primary_5:0,D5_Primary_5,primary,airsim,3,3,3
22,5.5,D5_Recon_1:0,D5_Recon_1,recon,airsim,4,4,4
23,5.75,D5_Primary_1:0,D5_Primary_1,primary,airsim,4,4,4
23,5.75,D5_Primary_2:0,D5_Primary_2,primary,airsim,5,5,5
23,5.75,D5_Primary_3:0,D5_Primary_3,primary,airsim,5,5,5
23,5.75,D5_Primary_4:0,D5_Primary_4,primary,airsim,4,4,4
23,5.75,D5_Primary_5:0,D5_Primary_5,primary,airsim,3,3,3
23,5.75,D5_Recon_1:0,D5_Recon_1,recon,airsim,5,5,5
24,6.0,D5_Primary_1:0,D5_Primary_1,primary,airsim,4,4,4
24,6.0,D5_Primary_2:0,D5_Primary_2,primary,airsim,5,5,5
24,6.0,D5_Primary_3:0,D5_Primary_3,primary,airsim,5,5,5
24,6.0,D5_Primary_4:0,D5_Primary_4,primary,airsim,4,4,4
24,6.0,D5_Primary_5:0,D5_Primary_5,primary,airsim,3,3,3
24,6.0,D5_Recon_1:0,D5_Recon_1,recon,airsim,5,5,5
25,6.25,D5_Primary_1:0,D5_Primary_1,primary,airsim,4,4,4
25,6.25,D5_Primary_2:0,D5_Primary_2,primary,airsim,5,5,5
25,6.25,D5_Primary_3:0,D5_Primary_3,primary,airsim,5,5,5
25,6.25,D5_Primary_4:0,D5_Primary_4,primary,airsim,4,4,4
25,6.25,D5_Primary_5:0,D5_Primary_5,primary,airsim,4,4,4
25,6.25,D5_Recon_1:0,D5_Recon_1,recon,airsim,5,5,5
26,6.5,D5_Primary_1:0,D5_Primary_1,primary,airsim,4,4,4
26,6.5,D5_Primary_2:0,D5_Primary_2,primary,airsim,5,5,5
26,6.5,D5_Primary_3:0,D5_Primary_3,primary,airsim,5,5,5
26,6.5,D5_Primary_4:0,D5_Primary_4,primary,airsim,4,4,4
26,6.5,D5_Primary_5:0,D5_Primary_5,primary,airsim,4,4,4
26,6.5,D5_Recon_1:0,D5_Recon_1,recon,airsim,5,5,5
27,6.75,D5_Primary_1:0,D5_Primary_1,primary,airsim,4,4,4
27,6.75,D5_Primary_2:0,D5_Primary_2,primary,airsim,5,5,5
27,6.75,D5_Primary_3:0,D5_Primary_3,primary,airsim,4,4,4
27,6.75,D5_Primary_4:0,D5_Primary_4,primary,airsim,4,4,4
27,6.75,D5_Primary_5:0,D5_Primary_5,primary,airsim,4,4,4
27,6.75,D5_Recon_1:0,D5_Recon_1,recon,airsim,2,2,2
28,7.0,D5_Primary_1:0,D5_Primary_1,primary,airsim,4,4,4
28,7.0,D5_Primary_2:0,D5_Primary_2,primary,airsim,5,5,5
28,7.0,D5_Primary_3:0,D5_Primary_3,primary,airsim,5,5,5
28,7.0,D5_Primary_4:0,D5_Primary_4,primary,airsim,5,5,5
28,7.0,D5_Primary_5:0,D5_Primary_5,primary,airsim,4,4,4
28,7.0,D5_Recon_1:0,D5_Recon_1,recon,airsim,5,5,5
29,7.25,D5_Primary_1:0,D5_Primary_1,primary,airsim,4,4,4
29,7.25,D5_Primary_2:0,D5_Primary_2,primary,airsim,5,5,5
29,7.25,D5_Primary_3:0,D5_Primary_3,primary,airsim,4,4,4
29,7.25,D5_Primary_4:0,D5_Primary_4,primary,airsim,5,5,5
29,7.25,D5_Primary_5:0,D5_Primary_5,primary,airsim,4,4,4
29,7.25,D5_Recon_1:0,D5_Recon_1,recon,airsim,5,5,5
30,7.5,D5_Primary_1:0,D5_Primary_1,primary,airsim,4,4,4
30,7.5,D5_Primary_2:0,D5_Primary_2,primary,airsim,5,5,5
30,7.5,D5_Primary_3:0,D5_Primary_3,primary,airsim,5,5,5
30,7.5,D5_Primary_4:0,D5_Primary_4,primary,airsim,5,5,5
30,7.5,D5_Primary_5:0,D5_Primary_5,primary,airsim,3,3,3
30,7.5,D5_Recon_1:0,D5_Recon_1,recon,airsim,5,5,5
31,7.75,D5_Primary_1:0,D5_Primary_1,primary,airsim,3,3,3
31,7.75,D5_Primary_2:0,D5_Primary_2,primary,airsim,5,5,5
31,7.75,D5_Primary_3:0,D5_Primary_3,primary,airsim,5,5,5
31,7.75,D5_Primary_4:0,D5_Primary_4,primary,airsim,5,5,5
31,7.75,D5_Primary_5:0,D5_Primary_5,primary,airsim,4,4,4
31,7.75,D5_Recon_1:0,D5_Recon_1,recon,airsim,4,4,4
32,8.0,D5_Primary_1:0,D5_Primary_1,primary,airsim,4,4,4
32,8.0,D5_Primary_2:0,D5_Primary_2,primary,airsim,5,5,5
32,8.0,D5_Primary_3:0,D5_Primary_3,primary,airsim,5,5,5
32,8.0,D5_Primary_4:0,D5_Primary_4,primary,airsim,5,5,5
32,8.0,D5_Primary_5:0,D5_Primary_5,primary,airsim,4,4,4
32,8.0,D5_Recon_1:0,D5_Recon_1,recon,airsim,5,5,5
33,8.25,D5_Primary_1:0,D5_Primary_1,primary,airsim,4,4,4
33,8.25,D5_Primary_2:0,D5_Primary_2,primary,airsim,5,5,5
33,8.25,D5_Primary_3:0,D5_Primary_3,primary,airsim,5,5,5
33,8.25,D5_Primary_4:0,D5_Primary_4,primary,airsim,5,5,5
33,8.25,D5_Primary_5:0,D5_Primary_5,primary,airsim,4,4,4
33,8.25,D5_Recon_1:0,D5_Recon_1,recon,airsim,5,5,5
34,8.5,D5_Primary_1:0,D5_Primary_1,primary,airsim,4,4,4
34,8.5,D5_Primary_2:0,D5_Primary_2,primary,airsim,5,5,5
34,8.5,D5_Primary_3:0,D5_Primary_3,primary,airsim,5,5,5
34,8.5,D5_Primary_4:0,D5_Primary_4,primary,airsim,5,5,5
34,8.5,D5_Primary_5:0,D5_Primary_5,primary,airsim,4,4,4
34,8.5,D5_Recon_1:0,D5_Recon_1,recon,airsim,5,5,5
35,8.75,D5_Primary_1:0,D5_Primary_1,primary,airsim,4,4,4
35,8.75,D5_Primary_2:0,D5_Primary_2,primary,airsim,5,5,5
35,8.75,D5_Primary_3:0,D5_Primary_3,primary,airsim,5,5,5
35,8.75,D5_Primary_4:0,D5_Primary_4,primary,airsim,5,5,5
35,8.75,D5_Primary_5:0,D5_Primary_5,primary,airsim,4,4,4
35,8.75,D5_Recon_1:0,D5_Recon_1,recon,airsim,5,5,5
36,9.0,D5_Primary_1:0,D5_Primary_1,primary,airsim,3,3,3
36,9.0,D5_Primary_2:0,D5_Primary_2,primary,airsim,5,5,5
36,9.0,D5_Primary_3:0,D5_Primary_3,primary,airsim,5,5,5
36,9.0,D5_Primary_4:0,D5_Primary_4,primary,airsim,5,5,5
36,9.0,D5_Primary_5:0,D5_Primary_5,primary,airsim,4,4,4
36,9.0,D5_Recon_1:0,D5_Recon_1,recon,airsim,5,5,5
37,9.25,D5_Primary_1:0,D5_Primary_1,primary,airsim,4,4,4
37,9.25,D5_Primary_2:0,D5_Primary_2,primary,airsim,5,5,5
37,9.25,D5_Primary_3:0,D5_Primary_3,primary,airsim,5,5,5
37,9.25,D5_Primary_4:0,D5_Primary_4,primary,airsim,5,5,5
37,9.25,D5_Primary_5:0,D5_Primary_5,primary,airsim,4,4,4
37,9.25,D5_Recon_1:0,D5_Recon_1,recon,airsim,5,5,5
38,9.5,D5_Primary_1:0,D5_Primary_1,primary,airsim,4,4,4
38,9.5,D5_Primary_2:0,D5_Primary_2,primary,airsim,5,5,5
38,9.5,D5_Primary_3:0,D5_Primary_3,primary,airsim,5,5,5
38,9.5,D5_Primary_4:0,D5_Primary_4,primary,airsim,5,5,5
38,9.5,D5_Primary_5:0,D5_Primary_5,primary,airsim,4,4,4
38,9.5,D5_Recon_1:0,D5_Recon_1,recon,airsim,5,5,5
39,9.75,D5_Primary_1:0,D5_Primary_1,primary,airsim,4,4,4
39,9.75,D5_Primary_2:0,D5_Primary_2,primary,airsim,5,5,5
39,9.75,D5_Primary_3:0,D5_Primary_3,primary,airsim,5,5,5
39,9.75,D5_Primary_4:0,D5_Primary_4,primary,airsim,5,5,5
39,9.75,D5_Primary_5:0,D5_Primary_5,primary,airsim,4,4,4
39,9.75,D5_Recon_1:0,D5_Recon_1,recon,airsim,5,5,5
40,10.0,D5_Primary_1:0,D5_Primary_1,primary,airsim,5,5,5
40,10.0,D5_Primary_2:0,D5_Primary_2,primary,airsim,5,5,5
40,10.0,D5_Primary_3:0,D5_Primary_3,primary,airsim,5,5,5
40,10.0,D5_Primary_4:0,D5_Primary_4,primary,airsim,5,5,5
40,10.0,D5_Primary_5:0,D5_Primary_5,primary,airsim,4,4,4
40,10.0,D5_Recon_1:0,D5_Recon_1,recon,airsim,5,5,5
41,10.25,D5_Primary_1:0,D5_Primary_1,primary,airsim,5,5,5
41,10.25,D5_Primary_2:0,D5_Primary_2,primary,airsim,5,5,5
41,10.25,D5_Primary_3:0,D5_Primary_3,primary,airsim,5,5,5
41,10.25,D5_Primary_4:0,D5_Primary_4,primary,airsim,5,5,5
41,10.25,D5_Primary_5:0,D5_Primary_5,primary,airsim,4,4,4
41,10.25,D5_Recon_1:0,D5_Recon_1,recon,airsim,5,5,5
42,10.5,D5_Primary_1:0,D5_Primary_1,primary,airsim,5,5,5
42,10.5,D5_Primary_2:0,D5_Primary_2,primary,airsim,5,5,5
42,10.5,D5_Primary_3:0,D5_Primary_3,primary,airsim,5,5,5
42,10.5,D5_Primary_4:0,D5_Primary_4,primary,airsim,5,5,5
42,10.5,D5_Primary_5:0,D5_Primary_5,primary,airsim,4,4,4
42,10.5,D5_Recon_1:0,D5_Recon_1,recon,airsim,5,5,5
43,10.75,D5_Primary_1:0,D5_Primary_1,primary,airsim,5,5,5
43,10.75,D5_Primary_2:0,D5_Primary_2,primary,airsim,4,4,4
43,10.75,D5_Primary_3:0,D5_Primary_3,primary,airsim,5,5,5
43,10.75,D5_Primary_4:0,D5_Primary_4,primary,airsim,5,5,5
43,10.75,D5_Primary_5:0,D5_Primary_5,primary,airsim,4,4,4
43,10.75,D5_Recon_1:0,D5_Recon_1,recon,airsim,5,5,5
44,11.0,D5_Primary_1:0,D5_Primary_1,primary,airsim,5,5,5
44,11.0,D5_Primary_2:0,D5_Primary_2,primary,airsim,5,5,5
44,11.0,D5_Primary_3:0,D5_Primary_3,primary,airsim,5,5,5
44,11.0,D5_Primary_4:0,D5_Primary_4,primary,airsim,5,5,5
44,11.0,D5_Primary_5:0,D5_Primary_5,primary,airsim,4,4,4
44,11.0,D5_Recon_1:0,D5_Recon_1,recon,airsim,5,5,5
45,11.25,D5_Primary_1:0,D5_Primary_1,primary,airsim,5,5,5
45,11.25,D5_Primary_2:0,D5_Primary_2,primary,airsim,5,5,5
45,11.25,D5_Primary_3:0,D5_Primary_3,primary,airsim,5,5,5
45,11.25,D5_Primary_4:0,D5_Primary_4,primary,airsim,5,5,5
45,11.25,D5_Primary_5:0,D5_Primary_5,primary,airsim,4,4,4
45,11.25,D5_Recon_1:0,D5_Recon_1,recon,airsim,5,5,5
46,11.5,D5_Primary_1:0,D5_Primary_1,primary,airsim,5,5,5
46,11.5,D5_Primary_2:0,D5_Primary_2,primary,airsim,4,4,4
46,11.5,D5_Primary_3:0,D5_Primary_3,primary,airsim,5,5,5
46,11.5,D5_Primary_4:0,D5_Primary_4,primary,airsim,5,5,5
46,11.5,D5_Primary_5:0,D5_Primary_5,primary,airsim,4,4,4
46,11.5,D5_Recon_1:0,D5_Recon_1,recon,airsim,5,5,5
47,11.75,D5_Primary_1:0,D5_Primary_1,primary,airsim,5,5,5
47,11.75,D5_Primary_2:0,D5_Primary_2,primary,airsim,5,5,5
47,11.75,D5_Primary_3:0,D5_Primary_3,primary,airsim,5,5,5
47,11.75,D5_Primary_4:0,D5_Primary_4,primary,airsim,5,5,5
47,11.75,D5_Primary_5:0,D5_Primary_5,primary,airsim,4,4,4
47,11.75,D5_Recon_1:0,D5_Recon_1,recon,airsim,5,5,5
48,12.0,D5_Primary_1:0,D5_Primary_1,primary,airsim,5,5,5
48,12.0,D5_Primary_2:0,D5_Primary_2,primary,airsim,4,4,4
48,12.0,D5_Primary_3:0,D5_Primary_3,primary,airsim,5,5,5
48,12.0,D5_Primary_4:0,D5_Primary_4,primary,airsim,5,5,5
48,12.0,D5_Primary_5:0,D5_Primary_5,primary,airsim,4,4,4
48,12.0,D5_Recon_1:0,D5_Recon_1,recon,airsim,5,5,5
